poolName,wallet,absoluteVotes,shareVote
wBTC/wETH-ECLP-0x7a22,0xd30e7d7F3fFe56d1222BCe75e114F0b4ba9a1121,3541.770249790795,0.001703876499833653
wBTC/wETH-ECLP-0x7a22,0x8F67c2CF297508f1a925BCD2D07d22c6e3F61eAC,24874.431547670625,0.011966603244041675
wBTC/wETH-ECLP-0x7a22,0x6FfA791fBe22fB518F222245E3dAa5cc223739D0,65581.31950283509,0.03154989207319801
wBTC/wETH-ECLP-0x7a22,0x43C4fF14DAe2Fbb389Dd94498C3D610A0c69a89d,654022.8447322979,0.3146376181683553
wBTC/wETH-ECLP-0x7a22,0xE7377048eDeec220187b3f3B3dCB8B621fE26EfB,7718.6126217610745,0.0037132737953047496
wBTC/wETH-ECLP-0x7a22,0x71742CC139223c3AD78a5f63D518F3C792A3f4C6,7192.4135398023855,0.003460129693132563
wBTC/wETH-ECLP-0x7a22,0x5A7eb79bC9DBB7C1f8aDa3d73302187957a1940a,119.06266618214015,0.00005727872352173905
wBTC/wETH-ECLP-0x7a22,0x28aa4F9ffe21365473B64C161b566C3CdeAD0108,713950.9583763637,0.3434678633045314
wBTC/wETH-ECLP-0x7a22,0x74e08BC79D981FDBAFD7677e6D67057B1DfD460D,1299.55212488533,0.000625189148288711
wBTC/wETH-ECLP-0x7a22,0x3e6EdBa22D9cE22a7168406d26598AE20FE08e41,22984.711854796387,0.011057496004194181
wBTC/wETH-ECLP-0x7a22,0x0140ac53e142cd3f3415d0bb0eab4ae143bd9fbe,2080.4091049535755,0.0010008441920194408
wBTC/wETH-ECLP-0x7a22,0x04a4847ab1b32ded05c2056b1cddab9a84f851d7,35617.65071627043,0.017134956181395784
wBTC/wETH-ECLP-0x7a22,0x44c92b2e0c44a58d194c05e3bf9bf6b6602b5e82,96280.76693247541,0.04631879670114007
wBTC/wETH-ECLP-0x7a22,0x4f976ee680f228bbbef921bff944f38ec28b93ad,34447.24695956354,0.016571897790895244
wBTC/wETH-ECLP-0x7a22,0x708ad8be675b930abfcea373e0e1aef7fae0f251,193657.90618948414,0.09316503671652411
wBTC/wETH-ECLP-0x7a22,0xb628bc2556d782875ba27587da7103afab2a97a4,34419.67580405959,0.016558633846420243
wBTC/wETH-ECLP-0x7a22,0xbb63205349e05c27607734ee67b29ebd37b727de,70061.86558000841,0.03370539529020324
wBTC/wETH-ECLP-0x7a22,0x4d9a5356959ceb9e3bc4324a8344fc5f7d30d8db,110803.12306093436,0.0533052186269999
USDC/WETH-ECLP-0xff4a,0x228B5468Ec8029625ebC934c6bCAD7fd1AC55710,82472.62282369671,0.0040451252718611995
USDC/WETH-ECLP-0xff4a,0x1AC41915889c4d958644968a473C8ca80eA54a69,24878.757521976513,0.0012202557326179524
USDC/WETH-ECLP-0xff4a,0x43C4fF14DAe2Fbb389Dd94498C3D610A0c69a89d,4157354.516902979,0.2039103310241583
USDC/WETH-ECLP-0xff4a,0x64A7BDF23676fe095180d9331e704f095a5dFFAe,124254.64437618935,0.006094453952152363
USDC/WETH-ECLP-0xff4a,0x65cEc720ac2ee4e2a3DeD3F6617332B373BCCf27,31317.835704014815,0.0015360802691715444
USDC/WETH-ECLP-0xff4a,0x8016aD7A57Fd087679c57E766D0cC896BF43615D,4498.518394734276,0.0002206437702772266
USDC/WETH-ECLP-0xff4a,0x6Cb7ea06E9A9a4839646702cB8C9d7155c7C3A41,108393.30774090742,0.005316485561283611
USDC/WETH-ECLP-0xff4a,0x5B3067C5e26fEC823d6fBf8F315e43632658D2F6,230317.50044194623,0.011296635291704661
USDC/WETH-ECLP-0xff4a,0xE7377048eDeec220187b3f3B3dCB8B621fE26EfB,7718.6126217610745,0.00037858326691923
USDC/WETH-ECLP-0xff4a,0x874f1BcFf7BECb45C95f5582a7c5EC936f81684B,348.8434350907735,0.000017110106928757773
USDC/WETH-ECLP-0xff4a,0xE80D8fA8A7655D29e735cC2BB7D475215EC3Df26,329569.27300122764,0.016164745941160217
USDC/WETH-ECLP-0xff4a,0x71742CC139223c3AD78a5f63D518F3C792A3f4C6,7192.4135398023855,0.00035277420287368024
USDC/WETH-ECLP-0xff4a,0x4748eFf93fC1d2Cc36b9952d96A1715D289f861D,5975.339481105687,0.0002930790353865839
USDC/WETH-ECLP-0xff4a,0x593851CA21Bfd716a9FC71c744e8b1CdF101535b,1057.36451352198,0.00005186171809232228
USDC/WETH-ECLP-0xff4a,0x8a72c47F190f2118227A83Da784A2Ce45C54f484,12857.502201253783,0.0006306360257086267
USDC/WETH-ECLP-0xff4a,0xf7174d52e402D88696d3703a11eE5D0594a2Dd84,48505.688310520156,0.0023791117451587864
USDC/WETH-ECLP-0xff4a,0x5A7eb79bC9DBB7C1f8aDa3d73302187957a1940a,238.1253323642803,0.000011679594595605972
USDC/WETH-ECLP-0xff4a,0x064Bca084F65bbac31E8096f28BC0E6C98D85366,2774.4878704952257,0.00013608335247691276
USDC/WETH-ECLP-0xff4a,0x28aa4F9ffe21365473B64C161b566C3CdeAD0108,4526234.229752931,0.2220031792644291
USDC/WETH-ECLP-0xff4a,0xE65c2be6254731e93368CC071A2420b0C961451B,498437.6533564428,0.024447418779799196
USDC/WETH-ECLP-0xff4a,0x638D924750d7d0403a5fCc286B4C6F6B8B8B790C,557269.8531829601,0.027333026271950563
USDC/WETH-ECLP-0xff4a,0x74e08BC79D981FDBAFD7677e6D67057B1DfD460D,1299.55212488533,0.0000637405597456533
USDC/WETH-ECLP-0xff4a,0x3e6EdBa22D9cE22a7168406d26598AE20FE08e41,22984.711854796387,0.0011273563954555103
USDC/WETH-ECLP-0xff4a,0xe66B290105F73dd5f38b25c7d4c86d2C5E5a37be,192625.4020987418,0.009447909565065528
USDC/WETH-ECLP-0xff4a,0xd7d7c959529b8967d356b5e01d488c2cd75dba42,636701.4288787558,0.031228993966802357
USDC/WETH-ECLP-0xff4a,0x010aa6ffd44f255305994160b6bf28f8d4c06884,5.683145028154529,2.787474532753045e-7
USDC/WETH-ECLP-0xff4a,0x020bd3d6b7677544d4f240f018612075e0316f59,67.40448521590565,0.0000033060617844848233
USDC/WETH-ECLP-0xff4a,0x02a11b9018e40ed599d961e8715199ce4049f811,56.69566803456077,0.0000027808146718205107
USDC/WETH-ECLP-0xff4a,0x02afe5211cd9731b2e65bfc7857e73bda234f6d3,141.97278492171824,0.00000696349504284645
USDC/WETH-ECLP-0xff4a,0x02c713a91fdb54ce03f85ff19635fccb59e50b3e,125.46028526705932,0.000006153588344505483
USDC/WETH-ECLP-0xff4a,0x02f490115708f569b862fc32bff4e34df81a8f1e,60.06092797821677,0.000002945874270732087
USDC/WETH-ECLP-0xff4a,0x04063be551982933c2f512a0f116d6ecc445f8ec,10.11743521462056,4.962409521104837e-7
USDC/WETH-ECLP-0xff4a,0x040ca8da9f17f74da3fea1de34fa3cca19e639c8,361.37628267924896,0.000017724819263260614
USDC/WETH-ECLP-0xff4a,0x0442b6f5eebe3e36cc9570672ca87cfeadf88c6f,21748.936012919647,0.0010667439410775607
USDC/WETH-ECLP-0xff4a,0x044885ca68212aead3f038f247f761c3e4276562,0.7082473208633956,3.473818387559912e-8
USDC/WETH-ECLP-0xff4a,0x04650ba67b062200b89537a832536be71f3e764b,712.7800815322997,0.000034960507164289464
USDC/WETH-ECLP-0xff4a,0x048e45420fb44cab0008e44b52d374244106d42f,178.6223573274236,0.000008761086855321566
USDC/WETH-ECLP-0xff4a,0x04ba64066ffc247736a11d4605e26befcd502298,31.582285920649387,0.000001549051049265982
USDC/WETH-ECLP-0xff4a,0x04c59314f7fbcdc5794c997aa7fe5327a628cb12,1435.9900604730447,0.00007043258095693767
USDC/WETH-ECLP-0xff4a,0x0554afcf5b5857ab574b0a8c96f980c94c3b05a8,170.44455955223623,0.000008359981430078854
USDC/WETH-ECLP-0xff4a,0x055d875697ab3aa91ff64b16875b1ac4ea1a656f,801.4079663771164,0.00003930753632988018
USDC/WETH-ECLP-0xff4a,0x05a2a0f4b750f56f375097d8036dc6fed12056f1,1.6560416354226792,8.122569213086611e-8
USDC/WETH-ECLP-0xff4a,0x05a9b863da79557856529fb2ffeaddb01b66bf17,598.8013008599937,0.000029370064780286677
USDC/WETH-ECLP-0xff4a,0x05b26f4df5372eefabb23039b69e2eabc8684666,1.7245187347124202,8.458436359536923e-8
USDC/WETH-ECLP-0xff4a,0x05c446f4d6c3fb71f2f2949c92e0a5ee6e59853e,28.608260748482408,0.0000014031807716976136
USDC/WETH-ECLP-0xff4a,0x05f8deb3927bad153dff31028d366b32aefcd069,71.56787045579811,0.000003510267911000105
USDC/WETH-ECLP-0xff4a,0x060039c5ecc53d1ec684dcab1cd3b4499e9a1d8a,4408.130078552552,0.00021621039530321504
USDC/WETH-ECLP-0xff4a,0x06287d60499974e52106960d4366b2f6e16587b0,1253.5173792917012,0.00006148264304058418
USDC/WETH-ECLP-0xff4a,0x066358cccc307cabcd1fb808d1ce759c481e46c4,0.7798426269899755,3.824979745406353e-8
USDC/WETH-ECLP-0xff4a,0x0687c516a80d274fba27c9586770e96284184abd,0.466327509955142,2.2872477325186355e-8
USDC/WETH-ECLP-0xff4a,0x0725560c5f320816aff5698fe3d48e64565e9cc6,45.16315895095121,0.000002215167038159054
USDC/WETH-ECLP-0xff4a,0x075372f18e4c6333327fb8c32deb72e23ed6eb38,133.13013132930058,0.000006529779704442962
USDC/WETH-ECLP-0xff4a,0x07e1417019821ef88ae53b5270cb2580d4d7b7aa,16.794287970708147,8.23727879231536e-7
USDC/WETH-ECLP-0xff4a,0x08c9f34ca6bb8097fc75b89746e6ac3d5c8ddd3c,171.1793397182402,0.000008396020999538392
USDC/WETH-ECLP-0xff4a,0x08da5f3410e20fc37f72fb261c2f9f8b1641fb33,1309.0594774963618,0.0000642068773065437
USDC/WETH-ECLP-0xff4a,0x09389c94520b9d725de2332a3d0b5ee5dc45bda8,47.14419178670202,0.000002312332930474776
USDC/WETH-ECLP-0xff4a,0x0955f78fd89c0f910aba2d0341a7cc5d8b751c5e,40.181900103812886,0.000001970845766949867
USDC/WETH-ECLP-0xff4a,0x09ebcf8024b31dd9be2e2a9a902a407ccafa9425,2.457323001272838,1.205270189457158e-7
USDC/WETH-ECLP-0xff4a,0x0a244e4bfb1d4ffd17df3e59c1ae4c13eef4feb8,231.3549367392122,0.000011347519568696648
USDC/WETH-ECLP-0xff4a,0x0a43c28bc431d891ca77c1cd15a46dc82ec9c0fa,53.03881614040939,0.000002601453042397044
USDC/WETH-ECLP-0xff4a,0x0a83985e4a6e8dae2b67bed4f2d9268f6806ce00,953.3826216835474,0.00004676160408975506
USDC/WETH-ECLP-0xff4a,0x0b997e226b63fded87673bc8b43ba24477b8147a,81.30904697712172,0.00000398805408991553
USDC/WETH-ECLP-0xff4a,0x0e7318d7f5196d1f4341317570ed5014f537a249,1.659317941753542,8.138638872427581e-8
USDC/WETH-ECLP-0xff4a,0x0f17339e6008809ac12d2f34a78119d9375fe0b1,124.36492579446735,0.000006099863045943968
USDC/WETH-ECLP-0xff4a,0x0f480869123823ac6c4dc103c49b155dd7c4d976,94.6515762332099,0.000004642479770055799
USDC/WETH-ECLP-0xff4a,0x0fcb16d83c7afaf2fc2e9f5bfd0dedb2822c85f1,24896.492929547756,0.001221125620623413
USDC/WETH-ECLP-0xff4a,0x101dce6abfa64fd7302db3db424b52ad40c78d95,64.76936941254965,0.000003176814366790555
USDC/WETH-ECLP-0xff4a,0x10732ab917f8c1d76c93ab12e6b320798421e53e,1295.9869930849668,0.00006356569681236216
USDC/WETH-ECLP-0xff4a,0x11637bec6f151cc35b9f9bef168abf70e2daa67b,69.78863605405374,0.000003422999848015778
USDC/WETH-ECLP-0xff4a,0x119030ad7e6fea8f694782898038da2e768cf6bf,14097.705004277053,0.0006914656141099437
USDC/WETH-ECLP-0xff4a,0x11ba0b93921d10a1b290e36e80c6f4b389123854,1179.2510077703255,0.00005784001878534791
USDC/WETH-ECLP-0xff4a,0x11e9957d060aa859b5519269c8137adf2664f834,68.73266389442517,0.000003371206422233422
USDC/WETH-ECLP-0xff4a,0x11fdb8063226dbff48b7925d5a37a65731140b4f,74.02704284786768,0.0000036308856390465287
USDC/WETH-ECLP-0xff4a,0x1245815ce0609403047b54b1948f037331119132,37.83470805752086,0.0000018557204618572368
USDC/WETH-ECLP-0xff4a,0x12990834aa3c237a2ee7002c4a122ea14bc94904,2784.726238370773,0.0001365855249460062
USDC/WETH-ECLP-0xff4a,0x12c809bd16233224f746323808f38cdcc075f2ae,4.554889385736399,2.2340866015819965e-7
USDC/WETH-ECLP-0xff4a,0x13a4de15f406b024df9dece7600b4a50c3c5bb17,55.96430639501679,0.0000027449427745811867
USDC/WETH-ECLP-0xff4a,0x13dbabe8ff38daafd1bacbff0dfaf90c754ac909,135.0441818720304,0.000006623660242698275
USDC/WETH-ECLP-0xff4a,0x13dd946f2f15aa543de9c92b32cb1132781e7770,3810.436325391876,0.0001868946536308266
USDC/WETH-ECLP-0xff4a,0x144db4e3d28aca86ca6cd7ad6fa3cdabd3200ff1,4677.382590046967,0.0002294167188257066
USDC/WETH-ECLP-0xff4a,0x14d254121d0a46463ddcaca5767c3d6c911249c7,5.815998406780904,2.85263658786102e-7
USDC/WETH-ECLP-0xff4a,0x153b4f4f2c6c284f844a53eb2e097d23b7bfa4dd,4570.213693847994,0.00022416028832150566
USDC/WETH-ECLP-0xff4a,0x1563c4751ad2be48fd17464b73585b6ba8b6a5f0,937.7326856657262,0.00004599400449705107
USDC/WETH-ECLP-0xff4a,0x15a5e7f5e02b35a11d4bc847e6d880265e3b2c08,642.345998403681,0.000031505849365021754
USDC/WETH-ECLP-0xff4a,0x160cf6551ee3d910f673af762d5a2f1bd4855be1,914.929030120849,0.000044875528569195696
USDC/WETH-ECLP-0xff4a,0x164fc998283085711c6c8cfd048a291380e0619a,70.01746180879032,0.0000034342233160182006
USDC/WETH-ECLP-0xff4a,0x1651999b9bb0bed5305693b06785067d9592c864,1.4639404389607868,7.180349385515541e-8
USDC/WETH-ECLP-0xff4a,0x16765c8fe6eb838cb8f64e425b6dccab38d4f102,31048.809439680317,0.0015228850426418842
USDC/WETH-ECLP-0xff4a,0x16b00db74167b7469dda63b674ca9a3b1b70c439,4.666381626714271,2.2887714250003256e-7
USDC/WETH-ECLP-0xff4a,0x17b72bf643a1c8356d2bb264a42bfcd4dfa3661c,17327.1986382901,0.0008498661337852737
USDC/WETH-ECLP-0xff4a,0x181a991e5c7decbf33cfe75866e08942ec271559,5110.593795990495,0.0002506649044322412
USDC/WETH-ECLP-0xff4a,0x183491ac186440388ed00f92a1dda98f78e7998b,5437.789831593809,0.00026671324759335464
USDC/WETH-ECLP-0xff4a,0x18ad72125820824d71cf3c1e8cd10678cc39a866,95.87190158376616,0.0000047023344072240705
USDC/WETH-ECLP-0xff4a,0x193641ea463c3b9244cf9f00b77ee5220d4154e9,539.5421193242929,0.000026463514647495238
USDC/WETH-ECLP-0xff4a,0x196f5a721f5eebd68e086656c5afdc20f403db56,77.83982968893915,0.000003817895581000339
USDC/WETH-ECLP-0xff4a,0x1979630a6ab98a0cce107aa8edc4ed1057f2bd43,47.66801003729847,0.000002338025219270774
USDC/WETH-ECLP-0xff4a,0x199aa8cfbbf7f1690ff873f9fe5ed2ddd21ccc0a,0.9622543622426712,4.7196746088546886e-8
USDC/WETH-ECLP-0xff4a,0x1a5a04171dc7143afe49870fcda9c875e5f86f38,61.36403652880753,0.0000030097892663936355
USDC/WETH-ECLP-0xff4a,0x1ab0a6362bbfd48e87dde4f74434030f839caaff,10696.269854595226,0.000524631690154496
USDC/WETH-ECLP-0xff4a,0x1aca16cb1d1cb06c819746154c11a1350951ce9a,66.38071518493086,0.000003255847811858742
USDC/WETH-ECLP-0xff4a,0x1ad4a9c4ca9c0a6b1a066db8447873120f2ff9dd,8865.87465706361,0.00043485428745376504
USDC/WETH-ECLP-0xff4a,0x1b1dbd3dfd5b4e33e9e67440fb65526bd8737702,773.5951662364255,0.00003794337138788676
USDC/WETH-ECLP-0xff4a,0x1b5905acb5e0c49b24e5172778f2c4dcfaf684d1,214.26436688748674,0.000010509259626782206
USDC/WETH-ECLP-0xff4a,0x1c529d7687a169389cf012fa0b34809217000321,153.92291567816818,0.000007549626225169805
USDC/WETH-ECLP-0xff4a,0x1d4836a9aa218c9adc5dbd40724be085dbfa6104,8.162032215383979,4.0033215452326357e-7
USDC/WETH-ECLP-0xff4a,0x1da29ca4e330f0faa816edb6b55b46f9ee453f7f,3694.979895783617,0.0001812317353772672
USDC/WETH-ECLP-0xff4a,0x1db383f83b61e5ab316366c2b1ab12d6d0f25eaa,23.868507203596593,0.0000011707048761777441
USDC/WETH-ECLP-0xff4a,0x1e4005508544064737e04e15e3e2a5c7731bff2c,75.95529808509646,0.000003725462890547153
USDC/WETH-ECLP-0xff4a,0x1e42c9667ba9aa0c1f0b2dfaf42d4fe9c438ae34,6784.130297983047,0.0003327486864900024
USDC/WETH-ECLP-0xff4a,0x1ee840962f7e8414092a25a216ec94d06e4600d5,455.27050384378003,0.000022330152207822167
USDC/WETH-ECLP-0xff4a,0x1f452f2beea8c1105cd5363b18a0995367a87d97,6.378876874542165,3.1287177693453273e-7
USDC/WETH-ECLP-0xff4a,0x1f53540835672292df22df8cced701056cd71405,168.181797623793,0.00000824899726166556
USDC/WETH-ECLP-0xff4a,0x1f6776679f5a18a2b31a6a2503bca2e872d76f93,210.737105234063,0.000010336254152162673
USDC/WETH-ECLP-0xff4a,0x1fd50f346d8c3f7c519f0e595d4c18a5ef38c17c,34256.83453321532,0.00168023257124376
USDC/WETH-ECLP-0xff4a,0x20833b61f0378b97e4f492f53e4fbbb93336e3b2,42.67502679640156,0.0000020931288888496165
USDC/WETH-ECLP-0xff4a,0x20ce95ba2120fffc397e99b3efcb5b35ee2fb66a,42.53332917407446,0.0000020861788900086278
USDC/WETH-ECLP-0xff4a,0x20e146f3c4cfc40c889a9841c5e5058132c82be3,2.970348558183162,1.4568994664603792e-7
USDC/WETH-ECLP-0xff4a,0x21704f7cdbb568754385487c27cd0c87a37435c5,85.88581997311843,0.000004212536099530467
USDC/WETH-ECLP-0xff4a,0x21c715749c2ac9bad001a584511f303a98f8e954,66.47573596336618,0.0000032605084002945226
USDC/WETH-ECLP-0xff4a,0x22072c5bb327d004c5419f8e0746a70121735fbc,1.6874652955430591,8.276696288636344e-8
USDC/WETH-ECLP-0xff4a,0x22138a0cff84952c018cbcbf5650149017d6b292,2600.7759941374425,0.00012756311537254124
USDC/WETH-ECLP-0xff4a,0x2217854468cfa2eecc21761bcc67a2f773aa1425,48.31242870195143,0.0000023696327289727422
USDC/WETH-ECLP-0xff4a,0x228baf69cdd1290d98d9590e772cbd7f1f75ff66,548.361227813425,0.000026896075143369555
USDC/WETH-ECLP-0xff4a,0x22ee3afeb853f03be12d4c5a9ad5a45ec70362ad,0.2948030579739313,1.4459529225614351e-8
USDC/WETH-ECLP-0xff4a,0x237aa30084281a94803df9f13652e5f452458b18,5.107570797419013,2.505166321025926e-7
USDC/WETH-ECLP-0xff4a,0x238199a3a1fd126774dfef541e0fa7eb7ffeba4e,1.7287050764910312,8.478969569644123e-8
USDC/WETH-ECLP-0xff4a,0x24561da338b34f2c5ef49c4f0f0a98c66bb60460,1188.3774769312035,0.00005828765473751654
USDC/WETH-ECLP-0xff4a,0x24a9b3bb7af3c21a4d26e07492202ca2ff3d4cc7,6.700474331800681,3.286455204773286e-7
USDC/WETH-ECLP-0xff4a,0x24b5ce62689f6b828afe24ab655d685e84ec13cc,1398.6170610548043,0.00006859950642558495
USDC/WETH-ECLP-0xff4a,0x24d4fd836a8af1dbdd787f29262a7d0132ae2662,1845.316002653874,0.00009050923980994456
USDC/WETH-ECLP-0xff4a,0x250a64de7cd5c7785800c700e1171c57e8bad0dd,11.957616924974701,5.864983646494662e-7
USDC/WETH-ECLP-0xff4a,0x2526a6efeef588bdfb0d572d8c373dd71ef4e4f4,3973.329655942094,0.00019488426164214113
USDC/WETH-ECLP-0xff4a,0x254bb212e0d498f5da2890ac99d7347f497c4141,161.22536001331875,0.000007907797229257112
USDC/WETH-ECLP-0xff4a,0x25b70c8050b7e327ce62cfd80a0c60cccf057fa6,11150.922298460784,0.0005469315276960466
USDC/WETH-ECLP-0xff4a,0x25e2a352478b83dc0de5d74bec53a8f13d4062b6,18393.32418932747,0.0009021575641026696
USDC/WETH-ECLP-0xff4a,0x260595af9a3e85fc2d48acf9bfc4bc91efebd136,74.55994419094746,0.000003657023436251172
USDC/WETH-ECLP-0xff4a,0x26606cd9ec4c9a5f3dc743dbf4a9c4d14ab8d842,4847.31529670106,0.000237751594844767
USDC/WETH-ECLP-0xff4a,0x26a6dc267e276fded7b40251c8fc08b1b40df367,1818.1399992984698,0.00008917630853896837
USDC/WETH-ECLP-0xff4a,0x26d067c1bd1762d9bb6efe783b1fcd925f0e746d,0.2919966210429512,1.4321878832493468e-8
USDC/WETH-ECLP-0xff4a,0x26fa942b42a7890e0cb74a49cc66d0391c8bf26c,1105.3731650977697,0.000054216451131095084
USDC/WETH-ECLP-0xff4a,0x26fad00b5e8bbd2cf4b39196de32af8c35e1f74a,932.3845584736531,0.00004573168903137187
USDC/WETH-ECLP-0xff4a,0x277c1d7a4c4dd06733f19904d88c7f7fe3925b86,248.92801620715738,0.000012209445689467303
USDC/WETH-ECLP-0xff4a,0x27d83f1308665e2be54faebc11a53457f85fa016,74.5604332403196,0.000003657047423192616
USDC/WETH-ECLP-0xff4a,0x2801551a67dffb9b0072d43bf3c5eec6a8a24b44,63.20323393958767,0.0000030999984009108265
USDC/WETH-ECLP-0xff4a,0x282d18634cd313fbfc8607bdda50cd3699b29948,3.525268574497364,1.7290771788938484e-7
USDC/WETH-ECLP-0xff4a,0x284150de2abbb3e67004b2393a19285cc9a6ee1d,47.43539614410095,0.000002326615950282557
USDC/WETH-ECLP-0xff4a,0x286e07e3038c42bddee38ff56c4f18c384d7b3c1,4.454521925021965,2.1848582712697182e-7
USDC/WETH-ECLP-0xff4a,0x288549cfa97698a43020fe8785c8143dbec2b822,1472.1898123214987,0.00007220810992671856
USDC/WETH-ECLP-0xff4a,0x28ac01ebf289292783cfaad9bbf2c7fe2666dfbd,858.3610145101425,0.000042100975005947554
USDC/WETH-ECLP-0xff4a,0x28aef7e702afeda80f05cb8457d49ccebe7f66f2,1557.3384704916255,0.00007638448964202554
USDC/WETH-ECLP-0xff4a,0x28c974c18c6553b445c4b77f35d83f3499acf58f,0.001633382666083328,8.011431278617281e-11
USDC/WETH-ECLP-0xff4a,0x2a06913d5b8748b222e1236768c24ca19198b374,9.180968813719314,4.5030905647243086e-7
USDC/WETH-ECLP-0xff4a,0x2aa04c4c27bf596736902020520490896da661f9,448.8434039685108,0.00002201491518443072
USDC/WETH-ECLP-0xff4a,0x2b06cfcee35c8947ac92a8413272aa5e7a8c115a,70.21059363174786,0.0000034436960645630875
USDC/WETH-ECLP-0xff4a,0x2ba9e7bdc9515af90062bd3750a0471d0f71e707,918.3973550405123,0.00004504564330913245
USDC/WETH-ECLP-0xff4a,0x2bde6a71265becec57fd5127992101f73f41f62e,1.787928348939478,8.769448455680834e-8
USDC/WETH-ECLP-0xff4a,0x2cbbdc07de366d5964b47f0c178b5114781a6be9,0.36715153439884757,1.8008084374547893e-8
USDC/WETH-ECLP-0xff4a,0x2df44f531f9b8cd82f181f7e3f3401e392f1b19e,11992.159599084167,0.0005881926171082072
USDC/WETH-ECLP-0xff4a,0x2dffdc3e3294266a402d6c3f3dd33be81f823d5b,5569.933953981839,0.0002731946654347932
USDC/WETH-ECLP-0xff4a,0x2e128bbaf2cf7f1523a434128d91c642c5c7efad,709.2644300015646,0.00003478807114410328
USDC/WETH-ECLP-0xff4a,0x2e1fd03b0174b6e9a76354862f11ecd297dfabcf,51.498149955581155,0.0000025258862966531463
USDC/WETH-ECLP-0xff4a,0x2e4674285656475dc2d0cc85c0c96257ae5f9e55,989.560517262658,0.00004853606105109917
USDC/WETH-ECLP-0xff4a,0x2ea2ce595bd68a0cd1fd34b06df98970952fe4d2,15633.251495264638,0.0007667812486095286
USDC/WETH-ECLP-0xff4a,0x2eca1f8b3a23f5914d24e24e5ea1ecad956a531f,340.6209329516697,0.000016706808839500638
USDC/WETH-ECLP-0xff4a,0x2ee91a96625ad18b96ccf6cc08cbe5ce1c841656,13180.232746330475,0.000646465345053569
USDC/WETH-ECLP-0xff4a,0x2f556083bd13f674c7a5838988ef73b79dd689cc,38738.369466029304,0.0019000433350193707
USDC/WETH-ECLP-0xff4a,0x2f716f6e776bb2aaadb160a3791c484157428718,1588.5833887399822,0.00007791699344869907
USDC/WETH-ECLP-0xff4a,0x2fd8d19a815d5f8d27b9029f0a960155337a0efd,187.0544827363202,0.000009174666567221187
USDC/WETH-ECLP-0xff4a,0x30df2a1462aa9f03390c0a4fe26026b23beb8202,51.80413036234549,0.000002540894053575618
USDC/WETH-ECLP-0xff4a,0x313fe1a98e99b15a981e479a9788be4d43db10d0,1292.8533876598074,0.00006341199942693461
USDC/WETH-ECLP-0xff4a,0x318312055830e05fae49d3b15b8b5fca5593ecc8,0.6295198542335753,3.0876751391092366e-8
USDC/WETH-ECLP-0xff4a,0x31be92cd745c622133f195a63ded70f1e41d6c98,5168.490849458997,0.00025350464477434713
USDC/WETH-ECLP-0xff4a,0x320ac2c6fc3eb2ccb8861ecbd0c06d7c7dad0295,1587.0552070168862,0.00007784203904205545
USDC/WETH-ECLP-0xff4a,0x333596dc492ebb6947ebae157860a157988a77ae,374.50683966648126,0.000018368848106822575
USDC/WETH-ECLP-0xff4a,0x339c015afbcd4d6ac87474a68ae6c8551a1de988,5.511961439127751,2.703512238552653e-7
USDC/WETH-ECLP-0xff4a,0x33afa1debe809961cb73e41a3d7d71e14da63917,45.180910303578464,0.000002216037708239182
USDC/WETH-ECLP-0xff4a,0x33cabfdb18ed153ae710d9bb06f73d2d7b4ab9a3,1322.8634261649622,0.00006488393473116565
USDC/WETH-ECLP-0xff4a,0x342fe66616cb8da63a3a6c5f0c270c16231550ca,522.3127472357979,0.000025618446719893865
USDC/WETH-ECLP-0xff4a,0x357ae2fea8aeac0f55dea43fe70ce15f4af06c64,38653.791638177776,0.00189589495344537
USDC/WETH-ECLP-0xff4a,0x35fadf310e5c90f38c05f4f30a010cf6e86fc0e9,3170.1429681674585,0.00015548948241115803
USDC/WETH-ECLP-0xff4a,0x36532efb1f2d87fbc8640ea4b58a36acab6e6345,29.8248541252321,0.000001462852362649552
USDC/WETH-ECLP-0xff4a,0x3675166c2a7e1d9b631e105216002ee1867b7379,1029.6927881078636,0.000050504472597318054
USDC/WETH-ECLP-0xff4a,0x36fd602017149fd6c2161275af8e8f2f19198e19,438.137824938074,0.000021489826896908907
USDC/WETH-ECLP-0xff4a,0x375f4075b253e9d024bc7ce3ebbcc8561a63355d,0.2482549305339579,1.2176432117525892e-8
USDC/WETH-ECLP-0xff4a,0x3768e6c39a365bb4be13bf89ffab4b7471455f3e,735.064895836908,0.000036053534916238245
USDC/WETH-ECLP-0xff4a,0x37eedb7ac276bd6c894e81b8937b0b0bab154e22,555.1336210282182,0.00002722824814825512
USDC/WETH-ECLP-0xff4a,0x3811a1aead486a521d9d28996763569c80091cf3,191.51748621077593,0.000009393568398214465
USDC/WETH-ECLP-0xff4a,0x3821245dab571f68cb0c97b04983de91651d0e01,25.86951755627723,0.000001268850627698073
USDC/WETH-ECLP-0xff4a,0x39415152b48d809d2f1e3d47f62c179c20c74a0a,0.016622509895192494,8.153024913800367e-10
USDC/WETH-ECLP-0xff4a,0x395ef2d7a5d499b62ac479064b7eaa51ae823a22,30604.724202580142,0.0015011035064914633
USDC/WETH-ECLP-0xff4a,0x3970f0893d68b87b182485844ee4dd5c3baf5c34,2016.2407683268232,0.00009889277443680669
USDC/WETH-ECLP-0xff4a,0x39b8daa2654646e20f9f39b2e90049cbca6b0a3b,22802.985711211706,0.0011184430737882253
USDC/WETH-ECLP-0xff4a,0x3a39899dc78b7307acd83f51463c853fa79e1b09,1267.7065394142799,0.00006217859435428287
USDC/WETH-ECLP-0xff4a,0x3b022a2264256ddd7de70b8e636045cc466768a0,16187.738756171024,0.0007939777940233001
USDC/WETH-ECLP-0xff4a,0x3b964a558a4c42d357f1e0a876516892b1012ea0,1.6335606283057325,8.012304149466585e-8
USDC/WETH-ECLP-0xff4a,0x3c57cb6c743b190cec13cd804afd753531b94ea8,54542.530708403065,0.0026752073816237736
USDC/WETH-ECLP-0xff4a,0x3c5aac016ef2f178e8699d6208796a2d67557fe2,20317.34697426117,0.000996527221869099
USDC/WETH-ECLP-0xff4a,0x3c6b375a555ad29d854c8cff46a38fc109ecabfe,44461.21982011201,0.0021807382590048395
USDC/WETH-ECLP-0xff4a,0x3c7ac2ff76a1b4dcb2b69b1121fef5fb8dcdec43,54.59332573009751,0.0000026776987808166935
USDC/WETH-ECLP-0xff4a,0x3d0db72eb8d80bc016698f1bc19aea2443f75252,19.528913919886552,9.57856080292344e-7
USDC/WETH-ECLP-0xff4a,0x3d31d5fd0082133da66cb1c74b8cecddd74116de,52.99285118204734,0.000002599198548622936
USDC/WETH-ECLP-0xff4a,0x3d477d4caed1b7c73f986ee61fd2cec88a148e07,1840.077003343863,0.00009025227685929981
USDC/WETH-ECLP-0xff4a,0x3d5e335417da4815b1d371d594c2201ad2f1d90b,78.13633431265636,0.00000383243856878898
USDC/WETH-ECLP-0xff4a,0x3d6991085ab1ae3926cb96f25684c40a364b6856,367.7890625633315,0.000018039353918323533
USDC/WETH-ECLP-0xff4a,0x3d8250ac679dcfd1e90c29e7a64ab5013645e579,0.9746013675750864,4.780234321389509e-8
USDC/WETH-ECLP-0xff4a,0x3e64881791324755f89778bbdd454f9c961797ce,13.695756667811208,6.717508127837345e-7
USDC/WETH-ECLP-0xff4a,0x3e8c91472fc50a8528e448ff501af9bf8c00cceb,12340.530058322067,0.000605279525471066
USDC/WETH-ECLP-0xff4a,0x3ec90f0cfd623669c6554fd587750baf5a2309e2,15884.940621779406,0.0007791261215074598
USDC/WETH-ECLP-0xff4a,0x3f12c7d0c66299eed65696d65826fdbb59157cd7,1.399400265941999,6.863792113550644e-8
USDC/WETH-ECLP-0xff4a,0x3f5c25639b67959d7240f898ddfbf2e35ebbdd19,72.90290726460589,0.000003575748926993955
USDC/WETH-ECLP-0xff4a,0x3f888f4e16a08c6b3745ddbade98e24569852fa4,4009.016894012513,0.000196634652786002
USDC/WETH-ECLP-0xff4a,0x3f889277ac60ed7e0cad46056a2defbdca83ecbf,7.019645937379115,3.4430028060961913e-7
USDC/WETH-ECLP-0xff4a,0x40711ff25f332616d794bbdc4063b83735c6d625,47.134561612598766,0.0000023118605887533206
USDC/WETH-ECLP-0xff4a,0x40c7924efd995c99826f144f7546af722c785998,50.22745482530289,0.000002463561117601818
USDC/WETH-ECLP-0xff4a,0x40d82eb96749cdcd6251cdcb722526caedef34ff,64.89729091391543,0.0000031830886731030305
USDC/WETH-ECLP-0xff4a,0x40fd7b406701e407c85688636318f6315cbc84b3,10.998924391220234,5.394763194730326e-7
USDC/WETH-ECLP-0xff4a,0x41870cf3b029f7c5f72563e98e5bda80f1267532,48.60908073431074,0.0000023841829468748797
USDC/WETH-ECLP-0xff4a,0x4191b3bc49d21c69922d0b175ab6efbcf609fbb6,34.54759033663384,0.0000016944935903320317
USDC/WETH-ECLP-0xff4a,0x41a1458fdee14e108ce46ea28077cff9454b3085,1726.6540399838718,0.00008468909625720239
USDC/WETH-ECLP-0xff4a,0x41a6ac7f4e4dbffeb934f95f1db58b68c76dc4df,6082.641073503777,0.0002983419743869397
USDC/WETH-ECLP-0xff4a,0x4282890ff9661a51ea367aeddf341c6f6395d4e1,4675.898432639802,0.00022934392372801727
USDC/WETH-ECLP-0xff4a,0x42ab9c98807eab8469b55a72786ff1d436663810,371.9638725884331,0.00001824412040882134
USDC/WETH-ECLP-0xff4a,0x42dbd726f2d74e7b1780afcacd46da8838a47c2b,828.7106845974224,0.00004064668272394553
USDC/WETH-ECLP-0xff4a,0x432fcd67815d5cc72808a7815a02373fdee7d740,11846.145826202872,0.0005810309192926235
USDC/WETH-ECLP-0xff4a,0x435227b0f30b1a1afba558bd07810b1495bf5b48,72.78073819409425,0.0000035697567664727255
USDC/WETH-ECLP-0xff4a,0x4367cc270d68925d9ba89cae2a9c2877f3acd69c,2.541120319641725,1.2463711801426135e-7
USDC/WETH-ECLP-0xff4a,0x438cbca6e5c1ba5d2931f2069d9201dfe947c942,0.040755273696653736,1.9989686510198514e-9
USDC/WETH-ECLP-0xff4a,0x43dec30f92cf1388a1e777b2644b08f4caac07d0,124.01952758141822,0.000006082921920602925
USDC/WETH-ECLP-0xff4a,0x441921132b11fdc628f25fe80d7369143fa6c18e,95330.55566837822,0.004675782419810795
USDC/WETH-ECLP-0xff4a,0x4447bf024195e07622fcab16c5834c52f4e0a25d,269.7907756402024,0.000013232724354967956
USDC/WETH-ECLP-0xff4a,0x44a68adfc54ff1b503ca1ee1ccbc25c0efee7f45,198.36224807460408,0.000009729290947677115
USDC/WETH-ECLP-0xff4a,0x44ac1c3342a0f919395f06110ae55ccd795aa20e,0.7093723680008857,3.479336529765265e-8
USDC/WETH-ECLP-0xff4a,0x44f4da18d1e9609e13b3d10cd091e3836c69bff2,62.43839072680621,0.000003062484296192129
USDC/WETH-ECLP-0xff4a,0x4533e03d983fae04741131c5f7cb35f1b32a1acd,339.24913924014567,0.00001663952496734674
USDC/WETH-ECLP-0xff4a,0x4547f0133001991cbf7c4055a7bec5bae57331e4,6.759479616540252,3.315396174552269e-7
USDC/WETH-ECLP-0xff4a,0x45adc095d1c01a404568ddcca532beb4f9c0c777,3142.856896692665,0.000154151152508295
USDC/WETH-ECLP-0xff4a,0x465376ede3020be8099c348edcaac478263dd375,2133.3647538050677,0.00010463748313380013
USDC/WETH-ECLP-0xff4a,0x46c9b6d9a8f802cb9e7559d5e0732a22e14f7053,391.72501939701993,0.00001921336707055605
USDC/WETH-ECLP-0xff4a,0x46fa5d7c3aaa1ccc9c23fd6e7811da72c505bed5,187.3148642578692,0.000009187437785561062
USDC/WETH-ECLP-0xff4a,0x4815ee939fe2efec2f7bc415f0ce2282f6417fe9,43896.67799417295,0.0021530485563017914
USDC/WETH-ECLP-0xff4a,0x4867dca57c00641332cdb96a4746b3eb29360618,1.6185361324204302,7.93861185507632e-8
USDC/WETH-ECLP-0xff4a,0x487bdd59584efaa4aa6c0df2fdf3a83192d820c4,63.88059542874499,0.0000031332216934916045
USDC/WETH-ECLP-0xff4a,0x48b9676685c8aaa95f37e13463074cd1dd3682fa,31.44564863208791,0.0000015423492501705397
USDC/WETH-ECLP-0xff4a,0x48ba6902e3cf26974bb07cd17a26328594ad737d,46.88389347096586,0.0000022995657932217493
USDC/WETH-ECLP-0xff4a,0x49141e6c73fc29f0d750c4b4b37f55ce997b3950,38.123478892551006,0.0000018698841220218228
USDC/WETH-ECLP-0xff4a,0x4918f36a4ead32be422ff8869777c569b7d55961,35.537842527776405,0.0000017430635766712532
USDC/WETH-ECLP-0xff4a,0x49932dddf7a6299247b9174c28eb378a75fe8259,5.780957878817026,2.8354498754280894e-7
USDC/WETH-ECLP-0xff4a,0x4a4f62950ec25bff5267d52e79250aba3f77ad24,737.198657567482,0.00003615819187032744
USDC/WETH-ECLP-0xff4a,0x4ac76b0e6e417e98bd2883dabba7467622f0cec8,77.47926718428451,0.0000038002106760012352
USDC/WETH-ECLP-0xff4a,0x4b61f6f1a3bb69cf1a08e3c9adbd472dda24bdca,204.2445378726541,0.000010017806073106915
USDC/WETH-ECLP-0xff4a,0x4be78fc4baa74b7368c7c30205d0c6bacdf2c9ff,2970.0365124764426,0.00014567464139768994
USDC/WETH-ECLP-0xff4a,0x4c19d0923c985c3254a9ce56454d9844a40411c0,69.35364561345496,0.0000034016643943338248
USDC/WETH-ECLP-0xff4a,0x4c963931f71e6b471a1e4876ead08871ba8059e2,31.721036971987292,0.0000015558565244048545
USDC/WETH-ECLP-0xff4a,0x4df719ad45a4cda1cacdf1964bf15d105034b2ca,166.18751621765276,0.000008151181552173383
USDC/WETH-ECLP-0xff4a,0x4e032950eee12907168a38a2be364d0b11ff6dc8,6793.707017524965,0.00033321840636690446
USDC/WETH-ECLP-0xff4a,0x4eb379128ddc25dded4af52a83015a80cb38d8c0,50.21310151521765,0.000002462857115044693
USDC/WETH-ECLP-0xff4a,0x4f1eaa98d083d86b7154f2ac386d5b46827315b5,74.55760965559796,0.0000036569089317329816
USDC/WETH-ECLP-0xff4a,0x4f639310a05b36f525711fd52afce2770851f988,3566.3285250555973,0.00017492163036091543
USDC/WETH-ECLP-0xff4a,0x4fca7ea8770ea56d3e5eb1ce0f35ffe44f198c7d,1570.745441836734,0.00007704207608405191
USDC/WETH-ECLP-0xff4a,0x510c188c03b5c05c6346a6982d192469842475b8,321260.8727700997,0.015757234713882788
USDC/WETH-ECLP-0xff4a,0x519605903d4329cadefd874dba491c8a3d09a946,583.0823411420702,0.000028599079706388057
USDC/WETH-ECLP-0xff4a,0x51b322419e4613d2af91c3071f92c05ba25c409e,50.09001258915906,0.000002456819837358615
USDC/WETH-ECLP-0xff4a,0x51cc87dc2d12614c1d3e1f8a6045aefd9c549bfc,710.5146720236819,0.00003484939313710478
USDC/WETH-ECLP-0xff4a,0x529497b2d1dfd5c23b3680ae5e12b12cb0aa2c7a,0.6116502577178667,3.0000281673157244e-8
USDC/WETH-ECLP-0xff4a,0x52c831e3dd97486a8c471c71ed5b1aae35e361a6,38.194442052617916,0.0000018733647300385151
USDC/WETH-ECLP-0xff4a,0x53143d37caa2cf41177b8d66e0125731a1247af7,363.1937014632517,0.00001781396019756121
USDC/WETH-ECLP-0xff4a,0x531bef9b0c386ca1ee9cc0f58c7b5f21d00d8689,0.07617571462142829,3.7362739023826565e-9
USDC/WETH-ECLP-0xff4a,0x54a7a53d98b66938da57a1d6e28989a195de1344,7639.582279149383,0.0003747069789439366
USDC/WETH-ECLP-0xff4a,0x54deec02786497d53e1faeda4b1f1421b262d0b3,13.415922411998777,6.580254748308098e-7
USDC/WETH-ECLP-0xff4a,0x554faf0635c3fc95bdeceb02777dbd2532212bce,82.81365932661653,0.000004061852463617149
USDC/WETH-ECLP-0xff4a,0x5568d62935a6604f5393ccfff222f91ee67ce06b,166.84084944363892,0.000008183226304151658
USDC/WETH-ECLP-0xff4a,0x55a836ad1fd8361c5d05afc9afa634b87c898ad3,856.4339423311405,0.000042006455781202565
USDC/WETH-ECLP-0xff4a,0x562e6a7c8dc2c80014022a2da2c3c76ddf1d5741,1643.482485011064,0.00008060968969292093
USDC/WETH-ECLP-0xff4a,0x56640ba14fb770f1ed151886ac7bb6adaa96955c,3268.9408141664253,0.00016033532882627944
USDC/WETH-ECLP-0xff4a,0x57964eaa255f2f81ad6f46d77adfb113c9aff496,44.864773607757115,0.0000022005318046575365
USDC/WETH-ECLP-0xff4a,0x58081488ab9a6b8a31752e7cab1df029390940f9,18.637301725722033,9.141241981740248e-7
USDC/WETH-ECLP-0xff4a,0x588340baef57bdcbb53f3fe465fafb0a5a92b1a4,1920.360611495004,0.00009419003512536856
USDC/WETH-ECLP-0xff4a,0x5a72a9c120281eb6853af9bd8f27613618d24147,0.39207715210541855,1.9230638510083773e-8
USDC/WETH-ECLP-0xff4a,0x5aaa7986136e54f0bcfb7baf3058aed1698abf37,2.9399639208139794,1.441996379800802e-7
USDC/WETH-ECLP-0xff4a,0x5ba323cc3e4b01ded640fc78c8948dcfb8f298cd,1541.6443945998324,0.00007561472507246515
USDC/WETH-ECLP-0xff4a,0x5c2e3184f5c6ec2a6258fbf28017f538c50d7e24,610.4693230998218,0.000029942359076490454
USDC/WETH-ECLP-0xff4a,0x5c79b582d1f9bbb47372d88361173d9e0beeae3a,77.13502466926285,0.0000037833262354500966
USDC/WETH-ECLP-0xff4a,0x5d4950402cf986f9d2c9be0ccfa31b1036fa6ddc,0.18289639513416076,8.970720279759658e-9
USDC/WETH-ECLP-0xff4a,0x5d8b4e10455dd25ca2ff1a76ceb3e0e354c876ff,30.684198828178605,0.0000015050015857021523
USDC/WETH-ECLP-0xff4a,0x5e194bdf79fa0c07c82c18ad34827d1361b5768c,554.4172560711834,0.000027193111809766505
USDC/WETH-ECLP-0xff4a,0x5efd95ced49055f9f2d945a459debfccee33aa54,28.292041978696965,0.000001387670842544149
USDC/WETH-ECLP-0xff4a,0x5f89a6b152259139c6be79cf814c85907099891c,6877.496388311654,0.0003373281156216609
USDC/WETH-ECLP-0xff4a,0x6020dcd76ac78ab11bc3e8485cc0b4394448ef45,520.330410919892,0.000025521216894355983
USDC/WETH-ECLP-0xff4a,0x605088609f9ac2f1f4571c4ed57a9318dd381f0a,23647.026963967033,0.0011598416917188406
USDC/WETH-ECLP-0xff4a,0x606899cc78181ff9c315824f1210524e70afb2ec,428.09314584514397,0.000020997154494172222
USDC/WETH-ECLP-0xff4a,0x60916fe673b8934c4a1eeef6fed3c533427fff23,153.36177557315406,0.000007522103370407445
USDC/WETH-ECLP-0xff4a,0x612b13731f22fc09a3ec46aa92343363ed168c99,3.7146129766305003,1.8219470064718465e-7
USDC/WETH-ECLP-0xff4a,0x61fa8f7213f3cbf64a494e134c8277d0c9660516,144.23611962343813,0.000007074507304699446
USDC/WETH-ECLP-0xff4a,0x62810730b8fe56d13c5627a96af027782122eda1,3110.3775897867604,0.00015255810428599616
USDC/WETH-ECLP-0xff4a,0x62ac87bf969d3a1a71726c49268f2491130f895e,8.472789450987152,4.1557420581390026e-7
USDC/WETH-ECLP-0xff4a,0x62daa776ec074d98ee44c724558e277006987ed7,1174.5518020618467,0.00005760953168407459
USDC/WETH-ECLP-0xff4a,0x63df7d9d7795883d56ca290f94aba8a6aa4f6f22,1613532.3731970247,0.07914069367889784
USDC/WETH-ECLP-0xff4a,0x64931189b070fc7c8c80839c8a2d9a10b83082ab,38.48685469297047,0.0000018877070138268014
USDC/WETH-ECLP-0xff4a,0x65e13cf77d54974d57f7fd86d91df3dbb0c465c6,65.40947560935325,0.000003208210358147595
USDC/WETH-ECLP-0xff4a,0x668beda9ca81e52443b1e1c57faa6b668b7bd904,180.29205495375828,0.000008842982347830535
USDC/WETH-ECLP-0xff4a,0x669bf51cb2b94e089192df29a658813236a31e8c,16.75177193209881,8.216425484108378e-7
USDC/WETH-ECLP-0xff4a,0x6720ddf5cd112a57ea30f1f16b70f6f213af71e8,9149.03683148102,0.0004487428534839692
USDC/WETH-ECLP-0xff4a,0x677029e369dfb8fc1474810f20fffc43c49fabf5,7.521395667800469,3.6891015046929077e-7
USDC/WETH-ECLP-0xff4a,0x6865c47b0a8ffeed9ea84d1c0f949100c90a17df,8.629785472045082,4.2327456201235274e-7
USDC/WETH-ECLP-0xff4a,0x688ea0b43f7167015991a6eeb497e4d519b91869,0.4551809804306078,2.232576125469557e-8
USDC/WETH-ECLP-0xff4a,0x693f30c37d5a0db9258c636e93ccf011acd8c90c,1.3190651690890989,6.46976374465571e-8
USDC/WETH-ECLP-0xff4a,0x6a5334e6c9352c1b5735969dd439e41bcf9b4da4,1136.9558672543742,0.00005576552259594291
USDC/WETH-ECLP-0xff4a,0x6ac638ade092aac585fefc0fd1192c56c2bf22d0,0.46319879922627366,2.271902001530131e-8
USDC/WETH-ECLP-0xff4a,0x6c2e73d510d9df0b154bb8a0abca71d2ceb27883,7505.809177147201,0.0003681456627510337
USDC/WETH-ECLP-0xff4a,0x6caf11a967a7b3fe9ed81750ca96692bf40d2c8a,0.25864081693590013,1.2685840089732456e-8
USDC/WETH-ECLP-0xff4a,0x6cc22b19c4ffa27c4f7917b3e77c60cda03a4e14,3.8021087963723623,1.8648620417286523e-7
USDC/WETH-ECLP-0xff4a,0x6ceb4281bf3b72536439c9cc5e2fc6b3dcda626f,5340.908909348924,0.00026196142264203997
USDC/WETH-ECLP-0xff4a,0x6d1e0084a6910a8803ab7c22483a1a2db3f1001a,68.0670349919804,0.000003338558590713422
USDC/WETH-ECLP-0xff4a,0x6d3bcc772bbb51f06f4d0d9cf67c1d1c2eb4fc71,28.322222875832804,0.0000013891511581392114
USDC/WETH-ECLP-0xff4a,0x6d75fc6c2d412ad34de62890a0f309ad8efe41ff,236.02023863243903,0.000011576343752322968
USDC/WETH-ECLP-0xff4a,0x6e062761e1ed9ffc849badacba81c8b9984945d9,916.2099976002135,0.00004493835758742986
USDC/WETH-ECLP-0xff4a,0x6e4f8dc2f2e4fee1717a1fbc856cbb9ca5418ced,60.11269922947864,0.0000029484135521283264
USDC/WETH-ECLP-0xff4a,0x6eef09b526d883f98762a7005fabd2c800dfca44,16.32154777305318,8.005408717727491e-7
USDC/WETH-ECLP-0xff4a,0x6f45e9dfde2719661ea6766d6ea7a0a9d341cbd5,37.17712592420259,0.0000018234673090565014
USDC/WETH-ECLP-0xff4a,0x6fb737d1ebb73cda6cfa36fd16d9273065d1b084,1958.8799783935485,0.00009607933680103476
USDC/WETH-ECLP-0xff4a,0x701a7796b62246961b54dbd66bf6563682b81843,1294.4551931473798,0.00006349056493918025
USDC/WETH-ECLP-0xff4a,0x7044c9382e76b6a32a817a5156a36b9fbcefb61e,110.19150833055104,0.000005404683879707323
USDC/WETH-ECLP-0xff4a,0x707919bbb1c507d25dbf864f79958b76924224e5,22501.404875764147,0.0011036511074700712
USDC/WETH-ECLP-0xff4a,0x709656752ee57c34b6c9462e598b593b71492da6,38855.09951527122,0.0019057687218933092
USDC/WETH-ECLP-0xff4a,0x70b5efb2513949d4e21a4f94150a9c2f475092f2,0.9717794375886392,4.76639329158741e-8
USDC/WETH-ECLP-0xff4a,0x710969f07f9b94428a612e26dcdf7728524b01d1,66.48300389022596,0.0000032608648782821016
USDC/WETH-ECLP-0xff4a,0x7191bcceed9860a719e4b8ef622d420c10486b85,22726.427469254082,0.0011146880376476374
USDC/WETH-ECLP-0xff4a,0x71ccbba5e5a9b88fd1b158130c6534de0a6ab3fe,61.26707568308055,0.000003005033521347553
USDC/WETH-ECLP-0xff4a,0x7201d533e9f2dc54fa6e40e78530643890b67471,46.49428748472323,0.000002280456360696637
USDC/WETH-ECLP-0xff4a,0x725bc32a354f97af517a87a49a00bfaa7c6b1ee0,17589.433485963134,0.0008627282542461749
USDC/WETH-ECLP-0xff4a,0x72a6a837e79446946bdfcdfacfa6fcf82456717d,68.39488390239238,0.000003354638956142016
USDC/WETH-ECLP-0xff4a,0x7303ff5f13568aace1ab077e3f52d372e961b279,74774.29165139238,0.003667536771458888
USDC/WETH-ECLP-0xff4a,0x73745986d145becfb48be3fed88891d2fe8f0c0d,0.3554935420374617,1.743628202480309e-8
USDC/WETH-ECLP-0xff4a,0x739167bd88b5e200d42c8d482121c30c86e9c79a,191.56370461957536,0.000009395835323250419
USDC/WETH-ECLP-0xff4a,0x73d52bf205839bb5b090ad68d8691a2462492bf1,0.04817299371379723,2.3627937080339998e-9
USDC/WETH-ECLP-0xff4a,0x73f766e1fdfb6555e955039186b38108a9ea7b2e,3616.7092788474097,0.00017739271050122254
USDC/WETH-ECLP-0xff4a,0x744e9465b5f5a1a2f8d5118ed383b1d8f02349ab,20.3068118115681,9.960104921787627e-7
USDC/WETH-ECLP-0xff4a,0x747276019e3340104c96397bf6537ad01f93d7df,0.07345611008952867,3.602882473265957e-9
USDC/WETH-ECLP-0xff4a,0x75454b2825ceeec63007dc68347d72f5119b17eb,0.400078991391184,1.962311350612478e-8
USDC/WETH-ECLP-0xff4a,0x769162779191b0a513d0d08db6135a144906c39e,2382.656786954294,0.00011686478316185077
USDC/WETH-ECLP-0xff4a,0x7716aa141f71deda152e1d39ff0d6f7a07d484fe,359.46626729239784,0.000017631136641725567
USDC/WETH-ECLP-0xff4a,0x77b70eb23449bd282aeebf12c7b657cb64af7740,157.37908942169503,0.000007719144973030781
USDC/WETH-ECLP-0xff4a,0x77fca3e46cad03439f3dcea110f8772159e5cc62,62.29205845702437,0.0000030553069767094114
USDC/WETH-ECLP-0xff4a,0x784a4ca4982c5c3ebbe37c8e4f9483a04e74cb7b,7281.964608961904,0.0003571665124738458
USDC/WETH-ECLP-0xff4a,0x78d4c94b1284d46d238c6afbbbd115385b1b36ec,869.7343101185962,0.00004265881352150505
USDC/WETH-ECLP-0xff4a,0x78e87757861185ec5e8c0ef6bf0c69fa7832df6c,6499.044890008086,0.00031876578951213366
USDC/WETH-ECLP-0xff4a,0x78ff6a5f1bc5e89ae3b49d300e2137490f95b9eb,2309.799183189621,0.00011329125628535318
USDC/WETH-ECLP-0xff4a,0x7909acc2c9fba6cf01cba70e5f00e6b47ca68b55,0.7341146035546496,3.600692488741892e-8
USDC/WETH-ECLP-0xff4a,0x7909d72df53b939f37ecdaac3b021dce4168f860,2468.28216692023,0.00012106454517443227
USDC/WETH-ECLP-0xff4a,0x795aeb7aaa511a93cc8f5ab86fc71bab70b0fa42,18.43866543032132,9.043814657262889e-7
USDC/WETH-ECLP-0xff4a,0x7a841f2f73e0f7d2c55c2dd0687a954a781830d2,46.39777764139906,0.000002275722736460525
USDC/WETH-ECLP-0xff4a,0x7a921b0365b4571bee00ba5a1dbb422b11f13f9e,4417.324213830966,0.00021666135014973578
USDC/WETH-ECLP-0xff4a,0x7ae34f7a28731f99c707e35f05ff0f4d14775e59,10.829616731983785,5.311721008408559e-7
USDC/WETH-ECLP-0xff4a,0x7b094acfb5ac34f1baa23649092d8b5a9892ec1e,15.817543979212065,7.75820444389969e-7
USDC/WETH-ECLP-0xff4a,0x7c568cd932ec35213c13adbb9467b381578be96e,504.282297177797,0.00002473408744168143
USDC/WETH-ECLP-0xff4a,0x7c88c73f45338e7ee38b246082ab85297f5de5f1,14009.60819186429,0.0006871446330369507
USDC/WETH-ECLP-0xff4a,0x7c99747a7f0242e002acd4e64048274c2ee17d73,9184.285968140308,0.00045047175658696114
USDC/WETH-ECLP-0xff4a,0x7cf80eb70b99251463a5fa981e3592873e47d5c7,406.9586856913273,0.000019960549425140958
USDC/WETH-ECLP-0xff4a,0x7d14ace170ad49aab07838f1ad1412541b1dba56,3802.096989738005,0.0001864856250799083
USDC/WETH-ECLP-0xff4a,0x7d8ae2705a89c208ad760d3832a5ba90db8691a3,44.581443862863146,0.000002186635019614206
USDC/WETH-ECLP-0xff4a,0x7d9ea6549d5b86ef07b9fa2f1cbac52fc523df65,219.88472796717002,0.000010784927646811267
USDC/WETH-ECLP-0xff4a,0x7ddec281b31b588eae53334e3560f63f803db645,41393.15583292725,0.0020302555564384508
USDC/WETH-ECLP-0xff4a,0x7ea415dffab9260af4d91252dc7646da55fafbd9,428.8074014690032,0.0000210321873738809
USDC/WETH-ECLP-0xff4a,0x7f514ea5abb2099e075eff21231427ca0279e979,37.71404791473207,0.0000018498023113705634
USDC/WETH-ECLP-0xff4a,0x7f7b476911f58cdfcab3ac17374dc94bd3b870c5,65.42722653576533,0.0000032090810073226786
USDC/WETH-ECLP-0xff4a,0x7fd9a5adea28d7b369278d57f90ab174689bb3c7,81.79952154891225,0.000004012110934691723
USDC/WETH-ECLP-0xff4a,0x7fe367156de797523ea25cca3d7aed9c2c24ddf9,7.036057007283047,3.4510521237162437e-7
USDC/WETH-ECLP-0xff4a,0x80fe9e3dbbb75d44fce3e277ee73af1bd34b62ce,28183.548378328735,0.0013823494378202696
USDC/WETH-ECLP-0xff4a,0x81e14e07493bd2a3ad29bb7dab1f26de9c98151b,92.902116856894,0.000004556672115431329
USDC/WETH-ECLP-0xff4a,0x8244cbabf39b4d8ea4f6eaa8a8b8bc588409839c,1517.5453627030288,0.00007443271339858468
USDC/WETH-ECLP-0xff4a,0x831602bcbd2b42a11b5ba058cbb1451f32772a5b,68.99621571518391,0.000003384133137719059
USDC/WETH-ECLP-0xff4a,0x83678fbcbcf8af5a083027097098fae2734edfd4,5407.10682442518,0.00026520830445628664
USDC/WETH-ECLP-0xff4a,0x83cac2cffc90b22fb063bfacfce4cb8544724cda,44.83387798265306,0.0000021990164330151727
USDC/WETH-ECLP-0xff4a,0x83e79f5fbe8d6dd7e8b44ee505c24bd9a77f5d02,9714.508965426914,0.0004764781860251404
USDC/WETH-ECLP-0xff4a,0x84e39518b9a8b298709604e8fd5525307d53a710,106.06440217927492,0.000005202257173479375
USDC/WETH-ECLP-0xff4a,0x860c757c524590fa1d39e3e9565025d2b481b7ae,11822.828508590037,0.0005798872492174116
USDC/WETH-ECLP-0xff4a,0x86ec3c4ff2559adac1cc7981912de195f58aef45,2.5460963550187805,1.2488118308419893e-7
USDC/WETH-ECLP-0xff4a,0x870f300a3d53c9aa6a61074f2739553cdd35357f,1116.7274501216068,0.00005477335721363866
USDC/WETH-ECLP-0xff4a,0x879f50787ab4a36aa3cdf971691bfc8058da203c,0.1499632060517465,7.355410000067915e-9
USDC/WETH-ECLP-0xff4a,0x8807842d0846034b52b3c70bd975ce349ae4b683,33.12740563941807,0.000001624836232378243
USDC/WETH-ECLP-0xff4a,0x8855b2c6653b9a4696a07f3fc9dc8938d2901837,72.76606598194721,0.000003569037122376078
USDC/WETH-ECLP-0xff4a,0x887e8b6119b38c60cb03cab204c0a704c6e0a473,225.82482327594101,0.000011076278022585536
USDC/WETH-ECLP-0xff4a,0x8880a14961d17e9e207dc41caad05ca3509092f5,44.28824440677672,0.000002172254144010837
USDC/WETH-ECLP-0xff4a,0x889f854ef588db36b2979d7e29c27e8d6879b4e5,1519.7780161893925,0.00007454222080518561
USDC/WETH-ECLP-0xff4a,0x8938d755c9ce4ca951032e4d29cea8e840ca76a8,50.77478892616239,0.000002490406814121876
USDC/WETH-ECLP-0xff4a,0x8a6eeb9b64eeba8d3b4404bf67a7c262c555e25b,101.74462146415955,0.000004990380146396503
USDC/WETH-ECLP-0xff4a,0x8aec270ead1e02e7a49fd56d20b00507edcefa93,3.1993108674697015,1.5692011238938522e-7
USDC/WETH-ECLP-0xff4a,0x8b575aca87eec0e9992d6e5b328a769cf66c21b0,1995.6464602737867,0.00009788266280085304
USDC/WETH-ECLP-0xff4a,0x8c67a62b80f55c4dbb23b275bcd5007c6953bc2b,0.0011165854521905856,5.476639248522746e-11
USDC/WETH-ECLP-0xff4a,0x8c8efdbfde0e4799b6e82a0bb8c477aa70a6a9fc,41.92558447783559,0.000002056370168696941
USDC/WETH-ECLP-0xff4a,0x8ccfcfa7e6133e0875192974d0d857fb7a28375e,752.9823806659791,0.00003693235346485169
USDC/WETH-ECLP-0xff4a,0x8cf6b98f59487ed43f64c7a94516dca2f010acc8,7.684567452991313,3.769134161510576e-7
USDC/WETH-ECLP-0xff4a,0x8d618eb95eb755d0e4ea6af4737ae3dcb684f949,0.13192457687474124,6.470649551626461e-9
USDC/WETH-ECLP-0xff4a,0x8d6e361347f7dd8f297a3396098dd4343f5bbb45,0.16545379395105342,8.115193870667326e-9
USDC/WETH-ECLP-0xff4a,0x8d893429b077455f0db9bc005536f441785eeeb2,2109.1369788207735,0.00010344915685637059
USDC/WETH-ECLP-0xff4a,0x8e8cb3243653351d0a64780136f1784c839c294d,9286.443564938465,0.00045548239238793746
USDC/WETH-ECLP-0xff4a,0x8e947e7c08f74db75499e097b9cecaf0221dbfbc,63.60030328509936,0.0000031194738970114456
USDC/WETH-ECLP-0xff4a,0x8f80791dcdaeb64794f53d4ab1c27bf4c21a4f41,145.06802268394796,0.000007115310567389426
USDC/WETH-ECLP-0xff4a,0x8f9be4310f9abb0e5843cc6363908c9b01dfeb3f,748.042324571556,0.0000366900531102882
USDC/WETH-ECLP-0xff4a,0x8fab7fcb0d9a935105386becbb9fbfb4bbcbe5fe,0.9450910592946886,4.635491872661235e-8
USDC/WETH-ECLP-0xff4a,0x903ba2a742ca284b77352fae1a6e37264e3c0387,367.7975343941864,0.00001803976944551203
USDC/WETH-ECLP-0xff4a,0x90660dae63ee2736a40c38651416868f3876eabc,304022.4079782324,0.014911720806476948
USDC/WETH-ECLP-0xff4a,0x910bd94fbe21ad95902b4ce2f57a83c898c1c822,85.53030357739846,0.000004195098696576008
USDC/WETH-ECLP-0xff4a,0x91cca8cf03fdf510dade6649a25cc5ea6fc9bfb0,28.149864363995402,0.0000013806973009902238
USDC/WETH-ECLP-0xff4a,0x920bcba669734d63db9899e968959e99adcfe850,1347.2841926406581,0.00006608172687414421
USDC/WETH-ECLP-0xff4a,0x92170e2e247ffc40dcac78d5acf6f0c0e4bad075,4086.0110649512853,0.00020041107041390046
USDC/WETH-ECLP-0xff4a,0x9243fed0055c8aeaa31baf425c3e96c19de9cd43,6.328975093169181,3.1042418948027816e-7
USDC/WETH-ECLP-0xff4a,0x92d010aad4fd7eed3f8f1b61701aed63c5d94b9c,3780.5327026732803,0.00018542793781850447
USDC/WETH-ECLP-0xff4a,0x92efd4d4f3fcd2b2df240248216778f49df85853,45.1130988438712,0.000002212711685130034
USDC/WETH-ECLP-0xff4a,0x937545811348ac77b8fac0465418dbdb684334d6,69.46816070854607,0.000003407281141919904
USDC/WETH-ECLP-0xff4a,0x94bb26991e1d2c25feb6553ce968525ca4d405de,1477.186478758307,0.00007245318691089307
USDC/WETH-ECLP-0xff4a,0x95b4256d851e264eca0684a88ab231f7aef9a822,3.694322709463331,1.8119950163834277e-7
USDC/WETH-ECLP-0xff4a,0x95ffefbab7dab3ff2de065759d27e6cfcc60c02c,382.02904495931807,0.000018737797967859846
USDC/WETH-ECLP-0xff4a,0x96fbc6f89be263d775c071045d0dd85ebc97da9e,884.0405577584485,0.00004336050775520466
USDC/WETH-ECLP-0xff4a,0x976d27d230f1d6fb0613d8cb40d368e9ea083ddd,225.68322505851802,0.000011069332899366007
USDC/WETH-ECLP-0xff4a,0x97d37e8b619cf4c6145da456766ca4fa157292d3,1103.4117149806234,0.00005412024573387709
USDC/WETH-ECLP-0xff4a,0x98378ca19523d3935cdcdb3f3f4ebbc5a3f4b873,71.77929992736647,0.00000352063812440396
USDC/WETH-ECLP-0xff4a,0x98519638464d2fb1827418f30b616d78f5b76550,42.19496557972908,0.0000020695827993339046
USDC/WETH-ECLP-0xff4a,0x98925015551455e94710524c11c3678eb5424069,9451.37558642432,0.00046357199431169106
USDC/WETH-ECLP-0xff4a,0x98b162652701f18621bf475f4a096c4479818845,373.895941662853,0.00001833888472178159
USDC/WETH-ECLP-0xff4a,0x9950dd62617f6123551aa61de4a31a0dee02a4e9,130.25211037623623,0.000006388618251204426
USDC/WETH-ECLP-0xff4a,0x9960c607e01a64d4c965ffeea8fdde6a6e2ae0f6,78.9539477645888,0.000003872540953359624
USDC/WETH-ECLP-0xff4a,0x99cab220da9194de4f59e2f8155d48c54e8d4e07,2307.203545233545,0.00011316394518097407
USDC/WETH-ECLP-0xff4a,0x99f06631425f01514e774bf3208909fdeb5305b3,293.6722410487333,0.000014404064806448912
USDC/WETH-ECLP-0xff4a,0x9a1abc22708c1e1b662043ee396c027aea6a7144,7.229013983125621,3.5456938499811246e-7
USDC/WETH-ECLP-0xff4a,0x9a27deed74ea75235cc8234deedc806c8d3ee507,323.46941269687034,0.00001586555939625396
USDC/WETH-ECLP-0xff4a,0x9a74f61bcc62e151e2a49f72712916da11af1409,66.13917639391238,0.0000032440007936091548
USDC/WETH-ECLP-0xff4a,0x9aaed9fbf4dab79296190817b85645d3c9dcbe7c,1304.8661775040423,0.00006400120391832506
USDC/WETH-ECLP-0xff4a,0x9ac6bc865a396177abef29a78fd613d36c03fe29,0.005633797364363501,2.7632704423441434e-10
USDC/WETH-ECLP-0xff4a,0x9ad92f7f5ef6f4bff83c2e10298a927f0ad7952a,2551.980655935533,0.00012516979685117557
USDC/WETH-ECLP-0xff4a,0x9c769e858fa32299bdd500143889b60fdd761c83,79993.5992857299,0.003923533882868936
USDC/WETH-ECLP-0xff4a,0x9cc2611b694dcc926aeb7a741f69d78aa9b58326,175.61781387522282,0.000008613719714168752
USDC/WETH-ECLP-0xff4a,0x9d04181afce69a1780b8035b904e5a4a2779ce78,32645.25769723759,0.001601187792945688
USDC/WETH-ECLP-0xff4a,0x9d2dacf09e1312215f4d2dc55119a3a39693871f,0.3872865931411703,1.8995670705385147e-8
USDC/WETH-ECLP-0xff4a,0x9d532fe12ce5e69f048c77d129caf066c3309b06,2.4088574579895052,1.1814987623777755e-7
USDC/WETH-ECLP-0xff4a,0x9e4ad3c4dc222aac04eecd7e71f41510883ac561,845.5457334636404,0.00004147240984756733
USDC/WETH-ECLP-0xff4a,0x9ee7f3f2f0dfd73b05c04dfa0f0684c0ed034fe0,532.6246311642727,0.000026124225011542757
USDC/WETH-ECLP-0xff4a,0x9fc7e5c04202d7397e208ea820058d80477939fb,1.1869820610952884,5.8219212245094755e-8
USDC/WETH-ECLP-0xff4a,0xa020322c958defb28d3f8c3374beb9b01a906800,1552.671205927116,0.00007615556919310616
USDC/WETH-ECLP-0xff4a,0xa05ac74dd0ee97188f5f51d4a03e7f8b786bae5a,70.5364488466412,0.0000034596786430188573
USDC/WETH-ECLP-0xff4a,0xa08f5d8e362a20686f0edb9128f6b854e5d20748,356.279273715261,0.000017474820668997324
USDC/WETH-ECLP-0xff4a,0xa0f80b73e5c3855c0567cc998668e2dce40dcc02,5851.714623657763,0.0002870154712852959
USDC/WETH-ECLP-0xff4a,0xa14a265fa3cb4e2c1e53967b355eb57f85141dbe,0.008131416885696277,3.988305308379004e-10
USDC/WETH-ECLP-0xff4a,0xa182dd254f6d72294d650c57d9b035660fb13a1e,25017.77145824815,0.0012270741017627704
USDC/WETH-ECLP-0xff4a,0xa1a9e84b39eb700e062a09659029a75b9c96561e,1125.3015309289801,0.00005519389956780907
USDC/WETH-ECLP-0xff4a,0xa21b23e5f07e5e28cb42d09502227eb75b0b64b5,11.649180649531711,5.713701520398063e-7
USDC/WETH-ECLP-0xff4a,0xa2d30b5c2c84f8c0e47a0dfebb3eda04a6a2ca28,332.5675109779027,0.000016311803810732632
USDC/WETH-ECLP-0xff4a,0xa2e5450a2ffb007fd065b344ab8cb3fff9cc8fc3,3.2062487736012817,1.572604034880041e-7
USDC/WETH-ECLP-0xff4a,0xa306739ba713ddffe693e4eaa28b808a8d391289,60.806256857324676,0.0000029824312345038406
USDC/WETH-ECLP-0xff4a,0xa375d02a6b3862d03cfe59f09fa742f3ff2d7e68,44.11098954994241,0.0000021635601304534726
USDC/WETH-ECLP-0xff4a,0xa380dace2095adc258d2be066e2a60a9dbacf7ad,4092.6318494061393,0.00020073580729749793
USDC/WETH-ECLP-0xff4a,0xa3ed9c58cbc9ccb0305e6d9885bbffe15dff45c2,58189.91151795309,0.0028541044723632367
USDC/WETH-ECLP-0xff4a,0xa552559fe2b34a3170e06e518a0c0571edc37a7b,44.66642125368617,0.0000021908029989919187
USDC/WETH-ECLP-0xff4a,0xa5d896accc301fcaa21f03592269310e7444aa40,1297923.0477199496,0.06366065660948676
USDC/WETH-ECLP-0xff4a,0xa66589142c46a20e747c68987a0cd46e5bc9ffc8,233816.68153702412,0.01146826346835156
USDC/WETH-ECLP-0xff4a,0xa6a53341eaa1db95699e8d038ed6aa5b9768c7a6,6.568530688253324,3.221739357416785e-7
USDC/WETH-ECLP-0xff4a,0xa773204b4e128590572f39e849244fcc8195862c,108.22183785974613,0.000005308075289778952
USDC/WETH-ECLP-0xff4a,0xa7a7e108a88e137ff754306a9501e65c980a65e6,29174.913935554083,0.0014309740326480308
USDC/WETH-ECLP-0xff4a,0xa7e83cb66882238f6054ac5fd0733a6b5f7a7d07,796.5211757969108,0.00003906784854746855
USDC/WETH-ECLP-0xff4a,0xa88f54b7754f8c5de32032bf621b91de208280f0,64.07398798450383,0.000003142707230484435
USDC/WETH-ECLP-0xff4a,0xa8a86a59d1edadcc6e907bc6e5c72a18d99db6c3,936506.2035558438,0.0459338478825491
USDC/WETH-ECLP-0xff4a,0xa8c24c16ad11d008eba1695d37417b47ab461a98,153366.06382237887,0.007522313700874908
USDC/WETH-ECLP-0xff4a,0xa953819c77bafb5262c7ae10d1e482f4b3d8d1e2,108.09898256960842,0.000005302049471490377
USDC/WETH-ECLP-0xff4a,0xa95a96085c090ec5cd6cb5acb1b7077317e01773,817.5144416795972,0.00004009752830607756
USDC/WETH-ECLP-0xff4a,0xa9a979fcb2d8caa59025a3fdd1bc8a1b591162b6,8604.512342029699,0.0004220349630591
USDC/WETH-ECLP-0xff4a,0xaa119df55b9aac2d6f108a95bed24944bc8c7c42,146.4437976048589,0.00000718278971029078
USDC/WETH-ECLP-0xff4a,0xaa3163db743b6000d70439a0d410d24a8f9d172d,53.126046509280265,0.0000026057315260624374
USDC/WETH-ECLP-0xff4a,0xaa560ad63cde52ac6249c493642cbd3dc7e0b7a2,3269.7119353048306,0.00016037315085130826
USDC/WETH-ECLP-0xff4a,0xaac2bc20cbf7267942e57bc8b58552ce7b5ff81b,2475.1826033834286,0.00012140299845709103
USDC/WETH-ECLP-0xff4a,0xab12253171a0d73df64b115cd43fe0a32feb9daa,6.906449542541165,3.387482127625541e-7
USDC/WETH-ECLP-0xff4a,0xac86f57982301fee6d9597f2c008333ae38765e7,301.4837934567698,0.000014787206593096896
USDC/WETH-ECLP-0xff4a,0xacd327490eeb54cc7d1c9c28e3b5a39f0e472be3,7731.215831193763,0.0003792014303683507
USDC/WETH-ECLP-0xff4a,0xad536c14ca62592466a867707a70c78cfbaae801,50.2467433855896,0.0000024645071847935984
USDC/WETH-ECLP-0xff4a,0xad7ed588f4856b1660e9d2c3590c261e0a3e4111,2.011658584835076,9.866802705266692e-8
USDC/WETH-ECLP-0xff4a,0xae0f2b0fa49a2d80d46e9537f539fc9daac22c7d,325.32632264057264,0.000015956637296818583
USDC/WETH-ECLP-0xff4a,0xae3e712b919b9ff2a6066dcc3fed0f34252b9d62,69.84054932458335,0.000003425546095186954
USDC/WETH-ECLP-0xff4a,0xae8137046c6baa9f732f551287a9900ae46b7314,14.451719216792505,7.088293378356408e-7
USDC/WETH-ECLP-0xff4a,0xaecbb4295038162ab6fd916815b1be7ccded7312,2201.6951594369048,0.00010798895955342059
USDC/WETH-ECLP-0xff4a,0xaf7ddd6bf6bce207ef2d544ff6142bcd800bfb20,3.437396622565508,1.685977657952556e-7
USDC/WETH-ECLP-0xff4a,0xafccdc2f3cda6b5488a41a037614899793a468a4,7.738549338789549,3.7956112496628433e-7
USDC/WETH-ECLP-0xff4a,0xafcf68a7e5919051b0bebda0ba9cbea1c7903b7b,50.91392708915076,0.000002497231276350848
USDC/WETH-ECLP-0xff4a,0xafd7d35a4c58105bc054f38a46acca7319a3f202,182.35423326342493,0.000008944128271288662
USDC/WETH-ECLP-0xff4a,0xb0707ee699c79950d57a1005ffe3649707fdd63d,5254.536400015351,0.0002577250153551492
USDC/WETH-ECLP-0xff4a,0xb0d2bd3144d05b96b50b50d23112b6c700fe7dbc,12216.558448240781,0.0005991989538126969
USDC/WETH-ECLP-0xff4a,0xb0e1d29d1a22c285481d8452f3b6378af00bd7e1,43.09451884677377,0.0000021137041759716592
USDC/WETH-ECLP-0xff4a,0xb0e3f1c86bcb05fef30b5082da5e50e041dc154a,2572.5812033593797,0.00012618021451639907
USDC/WETH-ECLP-0xff4a,0xb0f38eb1f1306ea81028fdb4d8e92366b1cce170,189.73350683849355,0.000009306067603451029
USDC/WETH-ECLP-0xff4a,0xb0fabe3bcac50f065dbf68c0b271118ddc005402,39271.02257604489,0.0019261689568643985
USDC/WETH-ECLP-0xff4a,0xb0fae6175f7e8719885fe0d02c473977c30446fa,9431.21516496758,0.0004625831639879561
USDC/WETH-ECLP-0xff4a,0xb1053a56b3b5ff12a0e03d57cfdef9b8281a3892,44.5477987534158,0.000002184984790994814
USDC/WETH-ECLP-0xff4a,0xb1561cacdff8d0077e1fb4c011a93267916a9a65,926.9214423775007,0.00004546373357867699
USDC/WETH-ECLP-0xff4a,0xb1d2c9c7766e40df7bb5e74bba15d91560e232d8,128.17586758957216,0.00000628678249190272
USDC/WETH-ECLP-0xff4a,0xb208420c52fa932433956a5503a464df49242c0d,75.59426807752328,0.000003707755055419168
USDC/WETH-ECLP-0xff4a,0xb2086b21c9069fb0ab38d2a2cf79938531cf3e89,16229.668781703136,0.0007960343820172616
USDC/WETH-ECLP-0xff4a,0xb29b870982bfd2963f4b3303294f906a223b6825,3.7227979578001333,1.8259615840426081e-7
USDC/WETH-ECLP-0xff4a,0xb2ae7773e14d857d1202cfc2a6a5a2a3de1525f5,3356.5744682710592,0.00016463359286526843
USDC/WETH-ECLP-0xff4a,0xb3d53c6e5b875a72e9307b824446cfebff4082a2,56.68876636515208,0.0000027804761580642208
USDC/WETH-ECLP-0xff4a,0xb3e1b74963301d2ebd72eceae539007c3aff3424,1863.015229468945,0.00009137735321813699
USDC/WETH-ECLP-0xff4a,0xb40ed15cc268114968d0ecc32a7f4bb14fb3d454,44.539442319127964,0.000002184574923788424
USDC/WETH-ECLP-0xff4a,0xb434b0c931d4729d91d423a0103ebd6ab439c846,317.1565209628189,0.000015555924064944988
USDC/WETH-ECLP-0xff4a,0xb4773a58bfa5eb5f1029334d5dbde2f12cd35d42,8149.4166415156305,0.00039971338462209307
USDC/WETH-ECLP-0xff4a,0xb4b60d66f636efb9e5d029eecd757e936f7390e7,127.5031354741656,0.0000062537862612985226
USDC/WETH-ECLP-0xff4a,0xb5e6b895734409df411a052195eb4ee7e40d8696,443.49646746511195,0.00002175265811976609
USDC/WETH-ECLP-0xff4a,0xb6398fad2f8d238afd3a522a8ceafd400e71ef62,8778.555745349131,0.00043057146093031695
USDC/WETH-ECLP-0xff4a,0xb65688e246b11c768a1620f47b327ed08b8b2b4f,3728.510993267717,0.00018287637192673317
USDC/WETH-ECLP-0xff4a,0xb67a6a3b67dedd85f773056be02aac638e86964a,43.352453242812615,0.00000212635536746013
USDC/WETH-ECLP-0xff4a,0xb7183551ddd8d6f466d95e08efb149e69b0e7de2,69.12273299470266,0.0000033903385696210187
USDC/WETH-ECLP-0xff4a,0xb7300fbee0a8e4f96550e829e3d07b85b77d3fb3,7813.152583039266,0.00038322027218805365
USDC/WETH-ECLP-0xff4a,0xb7542735bcad39f7294f981ed0adfe887ca18225,166.57332631120497,0.000008170104803382494
USDC/WETH-ECLP-0xff4a,0xb80b746e7c2aaf793b9d0032010ed099a6623fd6,60.31786768999431,0.000002958476674849607
USDC/WETH-ECLP-0xff4a,0xb85eedeba4e86137cadadba16a0d62e99732c072,59.37269224466593,0.0000029121176171485597
USDC/WETH-ECLP-0xff4a,0xb8d1b670aeedbb6f0805b86d0fa9d1348419c29b,103.28633817249299,0.000005065998418320048
USDC/WETH-ECLP-0xff4a,0xb9835d4803e35d25b330b48e2a34c749be2268a6,69.38097772484385,0.000003403004982406898
USDC/WETH-ECLP-0xff4a,0xb9f62d73f3453763081898f67309cf9b31bd0694,53.544210027716,0.0000026262416512201006
USDC/WETH-ECLP-0xff4a,0xba397faae1d5fe10c0356f2e585bef34577ab111,0.21971232615282707,1.077647166575675e-8
USDC/WETH-ECLP-0xff4a,0xba4a0773e9935ca8e15bb52531d1514a8ab925aa,9.164134139859152,4.494833477421428e-7
USDC/WETH-ECLP-0xff4a,0xbabcfed5146b3e63c43c5ae1623d3a47cf919c4f,90.53211786978717,0.000004440428173274603
USDC/WETH-ECLP-0xff4a,0xbb0c1e9297b0d851402475dc6689ae5ffcb9bbd9,2875.96672108471,0.00014106069706745005
USDC/WETH-ECLP-0xff4a,0xbb18ed77983c6ca915f6f0fe39963e185bf1064f,390.18276630870315,0.000019137722490214614
USDC/WETH-ECLP-0xff4a,0xbb1a1df638140bf6a6e65308eb64f9e99cac76d7,778.8564189683069,0.000038201425826544276
USDC/WETH-ECLP-0xff4a,0xbb2412c4af7e9f931bace78ff7957a640916acb4,49.394779199191774,0.0000024227199620386517
USDC/WETH-ECLP-0xff4a,0xbc37255c44917127473ee7776425762e40e2bf27,111.42818107880662,0.0000054653403256370785
USDC/WETH-ECLP-0xff4a,0xbc622c6bcc9200c68d525adf5c8b1b9c3d1c6de3,40.08463887798752,0.000001966075288831335
USDC/WETH-ECLP-0xff4a,0xbc85b7c497bfca12886efa8557be0232a767d384,248055.56859095776,0.012166653793443715
USDC/WETH-ECLP-0xff4a,0xbcc8cb0a825c61355a460da85159f1b43d5d49ab,1895.4531737617806,0.00009296837268294384
USDC/WETH-ECLP-0xff4a,0xbcc91928e56399edd12c496147fd2606ec513642,42.337358666132154,0.0000020765669093649233
USDC/WETH-ECLP-0xff4a,0xbd1bff03034ac340235e48ee35c85b1121b8198e,1639.6986662431052,0.00008042410057985085
USDC/WETH-ECLP-0xff4a,0xbdf36b5870d9551928995c4be9f74228a1be80e7,20.88692475360524,0.0000010244639285073807
USDC/WETH-ECLP-0xff4a,0xbdf81b19af7848f7384c38e68208885ff0c9f390,6544.361242910259,0.0003209884704221979
USDC/WETH-ECLP-0xff4a,0xbe1d7136dc7da1a6c01fb8a8732c0a8095380494,251.37144053478775,0.000012329291004908613
USDC/WETH-ECLP-0xff4a,0xbec2027dd208e21e8d25821506562aa658c0ebd0,1910.4331891213594,0.00009370311394166964
USDC/WETH-ECLP-0xff4a,0xbeff46f500c3dd2a6301b9d869fc49b47302327c,282.4643273652457,0.000013854337959725079
USDC/WETH-ECLP-0xff4a,0xbf21ba013a41b443b7b21eaabbb647cec360fa68,162273.8103541805,0.007959221724136796
USDC/WETH-ECLP-0xff4a,0xbffc429c38d2d597847608b2a5f3b2e090a12668,1546.4151631585823,0.00007584872219541896
USDC/WETH-ECLP-0xff4a,0xc025c6ce25a1803f4512cd67ac30913cd363e0c7,1297.2963096941426,0.00006362991630148846
USDC/WETH-ECLP-0xff4a,0xc16e60bf10f6cc11adacf22b9d537f91fdd69bdb,346.9361051207156,0.00001701655602180829
USDC/WETH-ECLP-0xff4a,0xc227f7251119e6a5395086a6c908dd76986e81cb,684.0330378777516,0.00003355051935503917
USDC/WETH-ECLP-0xff4a,0xc2f8f4597237270c859ca80901af796a521ba7e6,15.103256890039134,7.407860213675038e-7
USDC/WETH-ECLP-0xff4a,0xc41ac49915a7475ef55ba04e19a2c5d25709591a,72.1413568964977,0.0000035383963300429034
USDC/WETH-ECLP-0xff4a,0xc42fe21ff1db9ad1a8df0051eec07d9f1331b25c,10702.426439212002,0.0005249336589190265
USDC/WETH-ECLP-0xff4a,0xc43bae6f4b9e7e7c8e5c61c24405c7066c50bea2,76.30702488233436,0.000003742714420904558
USDC/WETH-ECLP-0xff4a,0xc4694b7cfb2d40a9030ec45ee08e91bf6bfe2642,155.18699572795163,0.000007611626947105925
USDC/WETH-ECLP-0xff4a,0xc46b19ffa9caa62f7931f8fceb273090614aa67d,178.440655685733,0.000008752174735425578
USDC/WETH-ECLP-0xff4a,0xc49db844fd8dca009787f26edbea50d8f8b983cb,142.21350111014033,0.000006975301714003421
USDC/WETH-ECLP-0xff4a,0xc52d313ae152445c889c498b3b18d18a5a072ea9,1459.8384666894524,0.00007160229991792948
USDC/WETH-ECLP-0xff4a,0xc5cbd33ad0d517eecc947c1cc3c593e9b3cf2287,8359.088993249352,0.0004099974146404151
USDC/WETH-ECLP-0xff4a,0xc5d45215944f087beb996ead9537269bc2595b36,376.3028294392013,0.00001845693798888155
USDC/WETH-ECLP-0xff4a,0xc5ef0d175e5ef106aae0830849eb368d83d1ab46,212.46029607815248,0.000010420773385248873
USDC/WETH-ECLP-0xff4a,0xc677e71b02adc94534de993a907352f748d21143,3974.7936879654494,0.0001949560696280366
USDC/WETH-ECLP-0xff4a,0xc6eb0bdc91b93f572f44018551780ae7665b647e,52693.505319967066,0.002584516203497129
USDC/WETH-ECLP-0xff4a,0xc767094b8405a4029f5b3ef36446f7d316ea9abc,63.10243550089331,0.0000030950544292294803
USDC/WETH-ECLP-0xff4a,0xc7b77336ebf08a7938b1eb2ede0f392a2568e45a,23251.78382987754,0.0011404557678147003
USDC/WETH-ECLP-0xff4a,0xc81ed0d62572d1d227f1fa038959563d1ac4ff69,67.70794666196412,0.0000033209459911761853
USDC/WETH-ECLP-0xff4a,0xc8cfbb829640efc451a87f4872f2a7bb2518c42c,300.6260572615156,0.000014745136264286935
USDC/WETH-ECLP-0xff4a,0xc8d78c68ad5a1183e7c9c60245755ebf820ee14a,45.11390958206483,0.0000022127514502962626
USDC/WETH-ECLP-0xff4a,0xc8d9b774f920382e9b69900c9506e7126d3ee899,10.625699508344828,5.211703489083017e-7
USDC/WETH-ECLP-0xff4a,0xc9b7411fd802bdfa055cfd469d1aecac2ac64394,17.4654646386087,8.566478180943027e-7
USDC/WETH-ECLP-0xff4a,0xc9c17b24a3e97783c018ee20259502341ce09732,639.2585925136775,0.000031354417978913855
USDC/WETH-ECLP-0xff4a,0xca9a981ac604dbbabc95c933a9a1901d1788f104,851.0457698606045,0.00004174217617078803
USDC/WETH-ECLP-0xff4a,0xcb555995227f34d38704ac5566482e4f7954a3e3,228.04556361917412,0.000011185201112176822
USDC/WETH-ECLP-0xff4a,0xcb6586874cc04b01cc4fdb777de502cea7b3d6c1,600.6213852697198,0.000029459336458458503
USDC/WETH-ECLP-0xff4a,0xcb968b168556d1b0c1fbc99d5fb88042ea81dca9,1685.1760227931961,0.00008265467841258782
USDC/WETH-ECLP-0xff4a,0xcc378e096db2eb4d3d803986d4893a7572f0e411,38.10386881852314,0.0000018689222851926151
USDC/WETH-ECLP-0xff4a,0xcc3b44dbd9a4e30bffc1120deb2f9ce1a0abec77,64.37277600038283,0.0000031573622143151915
USDC/WETH-ECLP-0xff4a,0xcc7cf14f0f7c345873d57cd939fc93796b455b4d,1562.8094780562171,0.00007665283215623639
USDC/WETH-ECLP-0xff4a,0xcd263ee07100f93923937a74388b7f8b25794653,1334.7540847209957,0.00006546714891518532
USDC/WETH-ECLP-0xff4a,0xcf3939281e2b68538909a7627643efa3c5dd89e7,804.1931249226569,0.00003944414305867054
USDC/WETH-ECLP-0xff4a,0xcf4bba88e5103bd0cd7720ec1c04efba15eff002,4.850571324421952,2.3791129681093117e-7
USDC/WETH-ECLP-0xff4a,0xcfce103dd318fea578cd554aa658f8bedc63b3a1,1091.334023412267,0.000053527857936373146
USDC/WETH-ECLP-0xff4a,0xcfda6d2957062957e09a4c7909204ab0e3987f96,2501.8533454617573,0.00012271114762352374
USDC/WETH-ECLP-0xff4a,0xd00eead7c77b3481c076b0daa6404561d69fe308,73.1481703547015,0.0000035877786150289946
USDC/WETH-ECLP-0xff4a,0xd0ac2a29db9d2b139c07991f0a1b4f5c50b08286,1691.1224749299497,0.00008294634057868281
USDC/WETH-ECLP-0xff4a,0xd1b3d11dd52c298d865b217d0a1bfd7b16f9ad26,2739.3383769377942,0.0001343593366785279
USDC/WETH-ECLP-0xff4a,0xd1f4cf428835a775916dd767e11553b5649eaf87,999.7761909182818,0.00004903712041187382
USDC/WETH-ECLP-0xff4a,0xd27fd833a15cf34b871a627c253b5b10164f3fdb,2404.156785308439,0.00011791931718428926
USDC/WETH-ECLP-0xff4a,0xd2c637eb039c944a7a3d8c58512008374d22eae7,0.7306066386382737,3.5834865881045743e-8
USDC/WETH-ECLP-0xff4a,0xd2d281a66855977a337ca1bb9bf0ac07249538c7,16140.369413851238,0.0007916544178874541
USDC/WETH-ECLP-0xff4a,0xd31f6bcad59e7f4d6f00bcc9c786981d7b10abfb,1561.8093273676886,0.0000766037766674291
USDC/WETH-ECLP-0xff4a,0xd48372cf9fe1908d3d640a7d48f17e0b2783e587,154.6569443001714,0.000007585628932825679
USDC/WETH-ECLP-0xff4a,0xd5251f5e442c403310435fb5ceb0a5500d8d36e3,2372.6152256155397,0.00011637226367902587
USDC/WETH-ECLP-0xff4a,0xd588a467c361c3f7b3a85b100fe550c61ed0b5d0,1.1773585245555438,5.7747196083503556e-8
USDC/WETH-ECLP-0xff4a,0xd63143fa4e94ee99d5de436130b207b6544bb216,1.2694234929853856,6.226280766099362e-8
USDC/WETH-ECLP-0xff4a,0xd6cc4fda4dfb82352678002f8769d250345a9617,68.26883033702906,0.000003348456268537313
USDC/WETH-ECLP-0xff4a,0xd7123df9b92f7dc8542fb8231d29ee052a8807d9,323.98803479818434,0.000015890996823811654
USDC/WETH-ECLP-0xff4a,0xd7293ca0a8e563f76993e43a22855a9ed7b8d150,18.62248909836369,9.133976669783578e-7
USDC/WETH-ECLP-0xff4a,0xd76ef4503b5ee13c9450e200bab900229366c3cd,2575.273048986823,0.0001263122444240546
USDC/WETH-ECLP-0xff4a,0xd7a76d1c00651d76e6f63e05da83d16399dcf89c,39.64497565463311,0.0000019445106440436847
USDC/WETH-ECLP-0xff4a,0xd7c16e19d7f014bab642ecd52b39a9230e177a78,171.03592714881609,0.00000838898688580443
USDC/WETH-ECLP-0xff4a,0xd7d51d7600f3370a3a92869d16b2013697ac907e,55.20794549862034,0.000002707844711346295
USDC/WETH-ECLP-0xff4a,0xd84cdf1229fcd789785c1c3af1d087729275525b,0.13262825026225408,6.505163392771653e-9
USDC/WETH-ECLP-0xff4a,0xd8bc75bfbdda718e04c800190be28da8acf922d4,23.955857548829385,0.0000011749892444554735
USDC/WETH-ECLP-0xff4a,0xd935a63d629cac4cfc8f632a2f4aab3ca8d99e38,89.42200542979411,0.000004385979269724841
USDC/WETH-ECLP-0xff4a,0xd9a0a16e5a634bf5a02962b667f17c65bae14086,1.6670454435808815,8.17654079898198e-8
USDC/WETH-ECLP-0xff4a,0xd9e7a8ac8ae3577424c4232f774b3a372989f9af,47.211251637921976,0.000002315622088617315
USDC/WETH-ECLP-0xff4a,0xdab9dbfca2008886a5b24aafd9e73714d10d343e,19.185009609114502,9.409882280163242e-7
USDC/WETH-ECLP-0xff4a,0xdb5a8796c994d435c4e181c1a6b74b606382d22b,556.1973010435678,0.000027280419629698878
USDC/WETH-ECLP-0xff4a,0xdb6adb08cd839521ce471845d099b26e2d006894,26352.120706868118,0.0012925213942372707
USDC/WETH-ECLP-0xff4a,0xdbd01f6e39ccc30223cf98742714e4af5fa4a3ad,880.6130805982541,0.00004319239652017012
USDC/WETH-ECLP-0xff4a,0xdbf47b0e9db63702d2e696de19ef954f411b513c,337.2123736098079,0.000016539625487470248
USDC/WETH-ECLP-0xff4a,0xdc11fb45c756e4378190150ca13d303a49cdf269,48.612084190606275,0.0000023843302606930663
USDC/WETH-ECLP-0xff4a,0xdc46bb979bf5102d78ece8e9a91dbaec932e756a,231589.2882735823,0.011359014065679077
USDC/WETH-ECLP-0xff4a,0xdd66522e580d95517205f1f74791a7132e2873df,0.021976021161785198,1.0778820356729524e-9
USDC/WETH-ECLP-0xff4a,0xddc60d163015cf5ca1369d557a2ca1cc2de1f1e3,10260.778562323232,0.000503271670650681
USDC/WETH-ECLP-0xff4a,0xde9aaa7836ce7e79a913de353552170a8fba452f,74.30960702558042,0.0000036447448744758656
USDC/WETH-ECLP-0xff4a,0xdec6d3743f3de26081d43431a8db02f9e19d03c1,10475.177069523123,0.0005137875096046278
USDC/WETH-ECLP-0xff4a,0xdf6d3e744aaef3eb695f47244523929c331c0dfc,1424.0721588034316,0.0000698480305500182
USDC/WETH-ECLP-0xff4a,0xe00e509c1968b4d586102a79fabe9dcefefb07f9,1591.5404961413851,0.00007806203394179207
USDC/WETH-ECLP-0xff4a,0xe01ed95b71837c1df66e3f29aa46869b5800974b,2201.055962095222,0.00010795760813967842
USDC/WETH-ECLP-0xff4a,0xe0679160dda2874d2b219871f3d106e6841be783,48.49656449978328,0.0000023786642395972584
USDC/WETH-ECLP-0xff4a,0xe06d67e2cd5c51cbe0ec603a1e314039875e0ab2,180.99878022637375,0.000008877645878134782
USDC/WETH-ECLP-0xff4a,0xe0a2ddd4840d43fbddc1a8ef74c6cef50279b4bc,183.02493397080656,0.000008977024865193337
USDC/WETH-ECLP-0xff4a,0xe1f9402fddf1be9561526a5b1ee42c55a8bf4356,47.208144835074904,0.0000023154697058473593
USDC/WETH-ECLP-0xff4a,0xe1fb6bea15d8f6ed62e4962131fd8f6ba0d5cd5a,232.44905175544346,0.00001140118382904085
USDC/WETH-ECLP-0xff4a,0xe244f92f4ae9effd2d1d434edaa43f1af1c35496,1.2853026241288736,6.304164883864155e-8
USDC/WETH-ECLP-0xff4a,0xe32be4dc4d503a4beb9cd41f5440fe75ff7fcf22,10.185765129794946,4.995924044740991e-7
USDC/WETH-ECLP-0xff4a,0xe3be9912466dc21a13a09b3e419cf415af03e109,3.186142107130217,1.562742097440649e-7
USDC/WETH-ECLP-0xff4a,0xe44fc78b68558ba406e22a4059a22b7ebfd62da0,11214.354828084326,0.0005500427726140942
USDC/WETH-ECLP-0xff4a,0xe4e8a2b0f6bedf974c587f972dfee91547e9181a,2032.699396940159,0.00009970003886304308
USDC/WETH-ECLP-0xff4a,0xe53f4d44c45dbc16a20ab64f8a8b4404ddbbefec,307.5360446698568,0.000015084058002637327
USDC/WETH-ECLP-0xff4a,0xe55ac567304a182e3a2c5d1253c38d3d465ad3c7,47.476766687048425,0.0000023286450967199777
USDC/WETH-ECLP-0xff4a,0xe5845761e7773976055f2559ca54be41f09d9e88,1663.4093755834035,0.0000815870657709935
USDC/WETH-ECLP-0xff4a,0xe59ee782447b2428648c8cd1a5179a2364c9e420,96.15811777915934,0.000004716372767173844
USDC/WETH-ECLP-0xff4a,0xe5f273784654119d7f3160bf2c5e06ad3879393f,67.0638904859028,0.00000328935626085012
USDC/WETH-ECLP-0xff4a,0xe61bacfe4189b95f6f987ce19ca3c30073ad3e0a,50.91398198241443,0.000002497233968761014
USDC/WETH-ECLP-0xff4a,0xe629d73b655d5c5307a2b1d7439fa6c5b48b710f,35.39862336571967,0.0000017362351415920524
USDC/WETH-ECLP-0xff4a,0xe660816b689517cdb5f1e3848a833cf099eac2de,1.6411361957523767,8.049460866784304e-8
USDC/WETH-ECLP-0xff4a,0xe6c36d23ede3763962ce03b534b4641be4cb3230,187.302854538724,0.000009186848731681618
USDC/WETH-ECLP-0xff4a,0xe729e82c62ba98ee226dbf680803cfb4189dbe30,19.935490776685214,9.777979017366064e-7
USDC/WETH-ECLP-0xff4a,0xe77a54ad04c4645c19ba6287566fbde7f8ca7636,480.94588634997405,0.000023589480880593155
USDC/WETH-ECLP-0xff4a,0xe7d0464315faa9ffb8f2395f86e5ae02fbc146e6,265.49453193938785,0.00001302200177366494
USDC/WETH-ECLP-0xff4a,0xe80c7acdc576570b04e3b53efa323a80fd68fdfe,4.242317123169173,2.080775852474813e-7
USDC/WETH-ECLP-0xff4a,0xe868b8c09fd2c8c3f74d54f34f7325ab1c94c71f,17.893133649307355,8.776241695663204e-7
USDC/WETH-ECLP-0xff4a,0xe89d81a820cdf339934b8db77129078017bb1a26,0.006424456053935852,3.1510734898406287e-10
USDC/WETH-ECLP-0xff4a,0xe9b3fc4a269285ab31f6477ecc19736a1efa5b0f,214.3000866070582,0.000010511011611081908
USDC/WETH-ECLP-0xff4a,0xe9f3cb25642616866f27a954115114c16e9451a3,1.4326854246920502,7.027049485788668e-8
USDC/WETH-ECLP-0xff4a,0xecb2b696491a22fb8a7e7089e1b1e82719a8e2a4,68.24568963521435,0.000003347321261131045
USDC/WETH-ECLP-0xff4a,0xed5456c84812168584e45a83e8571a5a15485829,0.7828312448165929,3.8396383473574865e-8
USDC/WETH-ECLP-0xff4a,0xed7265bcf76368bd9ab3d959aa6493177e43a220,31.911604826389603,0.000001565203515169233
USDC/WETH-ECLP-0xff4a,0xef06824683543b127c79712f2d8f68477c6f0cb2,328.1475390772634,0.000016095012596581317
USDC/WETH-ECLP-0xff4a,0xef4d60032be235d2650ca729cc262c618d5bb277,1.9684699666307504,9.65497074822011e-8
USDC/WETH-ECLP-0xff4a,0xefe9afe1bdbc789aca2d63a7816e9a031931f1cc,71.4078235514667,0.0000035024179147804126
USDC/WETH-ECLP-0xff4a,0xf02b93505ee2c2b87859636b55565bedc443456d,195.86821317732688,0.000009606963280064961
USDC/WETH-ECLP-0xff4a,0xf0a5e6a8883bf58c6946cbc43e2efd0cec997ce4,68.68570316352454,0.0000033689030877104336
USDC/WETH-ECLP-0xff4a,0xf0fba98ab360ffe9a8c4b3ab77c7d243f4560481,307.2574622722784,0.000015070394065949527
USDC/WETH-ECLP-0xff4a,0xf13046ab6037de1c3ab17846baa03ec895d8b6ba,151.16365603573684,0.000007414289788312619
USDC/WETH-ECLP-0xff4a,0xf15fd4731777e79440c6c678da06fd50f2477259,37211.604476557106,0.0018251584164651331
USDC/WETH-ECLP-0xff4a,0xf1ae6201f681d8539ae07b74210b81187374b0be,18421.42669787223,0.0009035359386908054
USDC/WETH-ECLP-0xff4a,0xf1c925cd1e1c9771ab47d0d962343ada1a3f730e,356.686903906958,0.00001749481415451472
USDC/WETH-ECLP-0xff4a,0xf2e4a05cbae83fb3173becee7a31686e8a6ae3ce,132.4095595019593,0.000006494437026968033
USDC/WETH-ECLP-0xff4a,0xf30d986388423f38961d3ad6882a5a64954fd89d,3.1861871329865976,1.5627641817667315e-7
USDC/WETH-ECLP-0xff4a,0xf33971ce19b7b1f69e5742ab28a6282fab0b551c,15068.858098101799,0.0007390988260556164
USDC/WETH-ECLP-0xff4a,0xf375dc67aa324dbaddc385d4cd152637c06c8107,497.6122696454343,0.000024406935278801292
USDC/WETH-ECLP-0xff4a,0xf3d11ab72fcf0175a4b3bb66e9884fd093b717e5,176.6581659213401,0.000008664747003095623
USDC/WETH-ECLP-0xff4a,0xf4054880b73019f099d662a945ba595368de37c2,678.4519964546193,0.000033276779889370936
USDC/WETH-ECLP-0xff4a,0xf46ccc8c1055b5ebc65d7d3d5c3c95f61131030a,11.54977073218776,5.664942846894822e-7
USDC/WETH-ECLP-0xff4a,0xf4719541b568a4bfb89eec687c67801b2c4fb8ed,81.81370859789399,0.000004012806782457979
USDC/WETH-ECLP-0xff4a,0xf4b01dc79183c4db6fecf773cefdcba3464a0e9e,2407.7106758324308,0.00011809362875435729
USDC/WETH-ECLP-0xff4a,0xf5373c37e31b7f9eb75a02b2a991da48922988f8,41.17994790024151,0.0000020197981128997375
USDC/WETH-ECLP-0xff4a,0xf54eeeb761f18da84a0c8162484ed32b7d490716,6836.635488913884,0.0003353239662309202
USDC/WETH-ECLP-0xff4a,0xf58e3439731e06e89251f1641a2f02b4a58bc4d1,650.7797051671555,0.0000319195066393554
USDC/WETH-ECLP-0xff4a,0xf59869812096f1f8abdffcecf067eb140b4ffc3c,2.0605746731341967,1.0106726813661256e-7
USDC/WETH-ECLP-0xff4a,0xf5ef3b6587ef584e5a19702aaf77566e47a01c27,3139.0678463314716,0.00015396530679552818
USDC/WETH-ECLP-0xff4a,0xf6178f40ebcd4e8f60723936f8983aea12524dc0,205.64105013931507,0.000010086302343371177
USDC/WETH-ECLP-0xff4a,0xf6503b1466bb4861725cc0d6e0bc8835a80e721d,8.390739930098094,4.1154983288711775e-7
USDC/WETH-ECLP-0xff4a,0xf6a61046ffe93f2d52a3fde7c84802ed03ff7af4,46.93230918323462,0.0000023019404918132105
USDC/WETH-ECLP-0xff4a,0xf772a45ecd9c1d5c84397974d8cd641e295519a4,0.10183532236716294,4.994828853159522e-9
USDC/WETH-ECLP-0xff4a,0xf7d98533fca53f40d4dc794d26c019d17d21cb8a,2576.660790510097,0.00012638031050603922
USDC/WETH-ECLP-0xff4a,0xf7e744527cc82e24c3badc2082d0391413b321e5,0.2979287295870862,1.4612837472654595e-8
USDC/WETH-ECLP-0xff4a,0xf8e8a15f8f9f5014820c6c11f8dd3b03648ccede,49.70187708644194,0.0000024377825292533067
USDC/WETH-ECLP-0xff4a,0xf903672ba62039591812141eecb4cfd9416cfc83,121201.39892378867,0.005944698070529637
USDC/WETH-ECLP-0xff4a,0xf9250b34603bfc6ead734e76028003bd55e86400,40993.06314664749,0.0020106317712240912
USDC/WETH-ECLP-0xff4a,0xf925cc2cbea0b2b30aef6c29ec0c77d7cb6fcb6f,98.42637033440054,0.000004827626240387425
USDC/WETH-ECLP-0xff4a,0xfa7665f547d5fbea1957681c32763955a0126294,5221.579568202788,0.0002561085454445164
USDC/WETH-ECLP-0xff4a,0xfb17d5cd85854b6bee89e714591de521f3169de5,14976.494292333908,0.0007345685570751369
USDC/WETH-ECLP-0xff4a,0xfb4b9676ba53e082e8cfb412ae48dfd2577294e9,2427.790027422548,0.00011907848275534381
USDC/WETH-ECLP-0xff4a,0xfb8976c763e8b91283b1aff358b879cdf845b678,37.77668187026639,0.0000018528743877485648
USDC/WETH-ECLP-0xff4a,0xfb92b59a9e6db38f91a354410990ed5f64d21f29,36.065148879329634,0.0000017689269501841908
USDC/WETH-ECLP-0xff4a,0xfbd030a8b9f68f4c1cb07b8db62158cbb148151f,44.30079050651704,0.0000021728695063381797
USDC/WETH-ECLP-0xff4a,0xfbe75007345a5dd8a92a6fdae62e9a7da2ddac01,2845.085081233164,0.00013954601137511978
USDC/WETH-ECLP-0xff4a,0xfc2d159282033cc18cd0d555b71f461561dbd2c6,55.125409235231125,0.000002703796464625751
USDC/WETH-ECLP-0xff4a,0xfc4b2a62a06cb2e1c6a743e9ae327bb16977e4c1,0.22392656354317356,1.098317199352194e-8
USDC/WETH-ECLP-0xff4a,0xfd037cdc23e380a87dd549e7868a64c1dbcfb6af,4106.256973147396,0.00020140409369959057
USDC/WETH-ECLP-0xff4a,0xfe2575c6402e56fa977651ea30bbfa0d3b4ae578,1073.6036561416495,0.00005265821714807087
USDC/WETH-ECLP-0xff4a,0xfe2fb8587760c8d5960cb7a5ba2f2299edf10506,1449.668110474673,0.00007110346329142638
USDC/WETH-ECLP-0xff4a,0xff33531206857f4a0a1b1ac9b4040f6fd440c209,134.67664542855454,0.000006605633279265664
USDC/WETH-ECLP-0xff4a,0x0140ac53e142cd3f3415d0bb0eab4ae143bd9fbe,13224.305938464588,0.0006486270512926734
USDC/WETH-ECLP-0xff4a,0x04a4847ab1b32ded05c2056b1cddab9a84f851d7,71235.30143254086,0.0034939560330149466
USDC/WETH-ECLP-0xff4a,0x44c92b2e0c44a58d194c05e3bf9bf6b6602b5e82,192561.53386495082,0.009444776949686855
USDC/WETH-ECLP-0xff4a,0x4f976ee680f228bbbef921bff944f38ec28b93ad,68894.49391912708,0.0033791438771154743
USDC/WETH-ECLP-0xff4a,0x708ad8be675b930abfcea373e0e1aef7fae0f251,387315.8123789683,0.018997103853418938
USDC/WETH-ECLP-0xff4a,0xb628bc2556d782875ba27587da7103afab2a97a4,68839.35160811918,0.003376439251651049
USDC/WETH-ECLP-0xff4a,0xbb63205349e05c27607734ee67b29ebd37b727de,140123.73116001682,0.006872802473065108
USDC/WETH-ECLP-0xff4a,0x4d9a5356959ceb9e3bc4324a8344fc5f7d30d8db,110803.12306093436,0.0054346824188323
wS/stS-Stable-0x75b0,0x228B5468Ec8029625ebC934c6bCAD7fd1AC55710,75599.90425505531,0.002312215892910856
wS/stS-Stable-0x75b0,0xa55b524DbdD2D7080FaaDAe7807CbA904eF8A827,20904.817461801522,0.0006393718570132401
wS/stS-Stable-0x75b0,0xA9e9E0414D52658515EB9dB6DcDc6055396A031a,615.3284437947254,0.00001881976202380083
wS/stS-Stable-0x75b0,0xaC207c599e4A07F9A8cc5E9cf49B02E20AB7ba69,367389.26364927815,0.011236565742579937
wS/stS-Stable-0x75b0,0x6Cb7ea06E9A9a4839646702cB8C9d7155c7C3A41,144524.4103212099,0.004420265366089078
wS/stS-Stable-0x75b0,0xDb970A3dd88B0D45537A5983F6913268311EB5Cb,19304.598739597604,0.0005904293193463888
wS/stS-Stable-0x75b0,0x5B3067C5e26fEC823d6fBf8F315e43632658D2F6,230317.50044194623,0.0070442388807888
wS/stS-Stable-0x75b0,0xE7377048eDeec220187b3f3B3dCB8B621fE26EfB,7718.6126217610745,0.00023607303410129473
wS/stS-Stable-0x75b0,0x2cC811F170c4c478CE26f38BA24dc2fabB9A5b17,10580.956621296185,0.00032361755352785924
wS/stS-Stable-0x75b0,0x874f1BcFf7BECb45C95f5582a7c5EC936f81684B,348.8434350907735,0.000010669343337171836
wS/stS-Stable-0x75b0,0xa3b926f6d2bB5507fE711847640bA2086CB11A75,12496.364067456661,0.00038220010838758837
wS/stS-Stable-0x75b0,0x4748eFf93fC1d2Cc36b9952d96A1715D289f861D,5875.750489753926,0.0001797092707862694
wS/stS-Stable-0x75b0,0x7abbA9ac62761EC1F5D54a7823de7ee2D1fb0F09,9392.099729776864,0.0002872564783908659
wS/stS-Stable-0x75b0,0x593851CA21Bfd716a9FC71c744e8b1CdF101535b,1057.36451352198,0.00003233939324204888
wS/stS-Stable-0x75b0,0x5A7eb79bC9DBB7C1f8aDa3d73302187957a1940a,238.1253323642803,0.000007283040678726134
wS/stS-Stable-0x75b0,0xeF9f0B6d5E89c0AC3b729678ba0F45c81Ef16056,507343.3997205992,0.015517049704715085
wS/stS-Stable-0x75b0,0x28aa4F9ffe21365473B64C161b566C3CdeAD0108,4236646.135582795,0.1295774197581586
wS/stS-Stable-0x75b0,0x74e08BC79D981FDBAFD7677e6D67057B1DfD460D,1299.55212488533,0.00003974667833822027
wS/stS-Stable-0x75b0,0x3e6EdBa22D9cE22a7168406d26598AE20FE08e41,22984.711854796387,0.000702985229522734
wS/stS-Stable-0x75b0,0x010aa6ffd44f255305994160b6bf28f8d4c06884,19.126785194044352,5.849909089402596e-7
wS/stS-Stable-0x75b0,0x020bd3d6b7677544d4f240f018612075e0316f59,226.85169979876684,0.000006938237697218727
wS/stS-Stable-0x75b0,0x02a11b9018e40ed599d961e8715199ce4049f811,190.8108729511037,0.000005835932430406931
wS/stS-Stable-0x75b0,0x02afe5211cd9731b2e65bfc7857e73bda234f6d3,477.81341970781176,0.00001461387807009835
wS/stS-Stable-0x75b0,0x02c713a91fdb54ce03f85ff19635fccb59e50b3e,422.2401354881142,0.000012914174449303827
wS/stS-Stable-0x75b0,0x02f490115708f569b862fc32bff4e34df81a8f1e,202.13675039142157,0.000006182333316449222
wS/stS-Stable-0x75b0,0x04063be551982933c2f512a0f116d6ecc445f8ec,34.05051412660266,0.0000010414317412320205
wS/stS-Stable-0x75b0,0x040ca8da9f17f74da3fea1de34fa3cca19e639c8,1216.2220916035196,0.000037198037183054946
wS/stS-Stable-0x75b0,0x0442b6f5eebe3e36cc9570672ca87cfeadf88c6f,73196.65876153292,0.0022387128576961354
wS/stS-Stable-0x75b0,0x044885ca68212aead3f038f247f761c3e4276562,2.383626372950487,7.290298627499953e-8
wS/stS-Stable-0x75b0,0x04650ba67b062200b89537a832536be71f3e764b,2398.8815070743995,0.00007336956310359966
wS/stS-Stable-0x75b0,0x048e45420fb44cab0008e44b52d374244106d42f,601.1585913310549,0.000018386378431724257
wS/stS-Stable-0x75b0,0x04ba64066ffc247736a11d4605e26befcd502298,106.2910757597381,0.0000032509024590441065
wS/stS-Stable-0x75b0,0x04c59314f7fbcdc5794c997aa7fe5327a628cb12,4832.865128618686,0.00014781272104507403
wS/stS-Stable-0x75b0,0x0554afcf5b5857ab574b0a8c96f980c94c3b05a8,573.6359818196917,0.000017544602033279965
wS/stS-Stable-0x75b0,0x055d875697ab3aa91ff64b16875b1ac4ea1a656f,2697.161158083019,0.0000824924179059973
wS/stS-Stable-0x75b0,0x05a2a0f4b750f56f375097d8036dc6fed12056f1,5.573454922618637,1.704635895704764e-7
wS/stS-Stable-0x75b0,0x05a9b863da79557856529fb2ffeaddb01b66bf17,2015.282699759392,0.00006163723000721086
wS/stS-Stable-0x75b0,0x05b26f4df5372eefabb23039b69e2eabc8684666,5.803916535394237,1.7751223611330552e-7
wS/stS-Stable-0x75b0,0x05c446f4d6c3fb71f2f2949c92e0a5ee6e59853e,96.28190999889351,0.000002944773074687691
wS/stS-Stable-0x75b0,0x05f8deb3927bad153dff31028d366b32aefcd069,240.8636904780434,0.000007366793101609673
wS/stS-Stable-0x75b0,0x060039c5ecc53d1ec684dcab1cd3b4499e9a1d8a,14835.686350108743,0.0004537480582677888
wS/stS-Stable-0x75b0,0x06287d60499974e52106960d4366b2f6e16587b0,4218.748163549746,0.00012903001198306312
wS/stS-Stable-0x75b0,0x066358cccc307cabcd1fb808d1ce759c481e46c4,2.62458239895386,8.027260344988352e-8
wS/stS-Stable-0x75b0,0x0687c516a80d274fba27c9586770e96284184abd,1.5694384128504166,4.800112482807626e-8
wS/stS-Stable-0x75b0,0x0725560c5f320816aff5698fe3d48e64565e9cc6,151.99788772939917,0.000004648840962960551
wS/stS-Stable-0x75b0,0x075372f18e4c6333327fb8c32deb72e23ed6eb38,448.0532191551894,0.000013703665162131784
wS/stS-Stable-0x75b0,0x07e1417019821ef88ae53b5270cb2580d4d7b7aa,56.521650760506255,0.0000017287093213912423
wS/stS-Stable-0x75b0,0x08c9f34ca6bb8097fc75b89746e6ac3d5c8ddd3c,576.1089052327628,0.00001762023616104769
wS/stS-Stable-0x75b0,0x08da5f3410e20fc37f72fb261c2f9f8b1641fb33,4405.676664639226,0.00013474720243874017
wS/stS-Stable-0x75b0,0x09389c94520b9d725de2332a3d0b5ee5dc45bda8,158.66510972075108,0.000004852757314467541
wS/stS-Stable-0x75b0,0x0955f78fd89c0f910aba2d0341a7cc5d8b751c5e,135.23332031238812,0.000004136098260422057
wS/stS-Stable-0x75b0,0x09ebcf8024b31dd9be2e2a9a902a407ccafa9425,8.270190003050535,2.529429759319732e-7
wS/stS-Stable-0x75b0,0x0a244e4bfb1d4ffd17df3e59c1ae4c13eef4feb8,778.6315775280459,0.00002381437286228058
wS/stS-Stable-0x75b0,0x0a43c28bc431d891ca77c1cd15a46dc82ec9c0fa,178.5036345612046,0.0000054595167129086585
wS/stS-Stable-0x75b0,0x0a83985e4a6e8dae2b67bed4f2d9268f6806ce00,3208.6361552165963,0.00009813583212526479
wS/stS-Stable-0x75b0,0x0b997e226b63fded87673bc8b43ba24477b8147a,273.6478953395419,0.000008369494894213242
wS/stS-Stable-0x75b0,0x0e7318d7f5196d1f4341317570ed5014f537a249,5.584481424161331,1.7080083407311766e-7
wS/stS-Stable-0x75b0,0x0f17339e6008809ac12d2f34a78119d9375fe0b1,418.5536722289966,0.000012801424320578714
wS/stS-Stable-0x75b0,0x0f480869123823ac6c4dc103c49b155dd7c4d976,318.55255460165495,0.000009742899633739238
wS/stS-Stable-0x75b0,0x0fcb16d83c7afaf2fc2e9f5bfd0dedb2822c85f1,83789.85051224985,0.0025627046214955185
wS/stS-Stable-0x75b0,0x101dce6abfa64fd7302db3db424b52ad40c78d95,217.98314309600246,0.000006666993732595033
wS/stS-Stable-0x75b0,0x10732ab917f8c1d76c93ab12e6b320798421e53e,4361.680848933211,0.00013340159459307647
wS/stS-Stable-0x75b0,0x11637bec6f151cc35b9f9bef168abf70e2daa67b,234.87562681902577,0.00000718364874320638
wS/stS-Stable-0x75b0,0x119030ad7e6fea8f694782898038da2e768cf6bf,47446.22458339268,0.0014511382735382548
wS/stS-Stable-0x75b0,0x11ba0b93921d10a1b290e36e80c6f4b389123854,3968.8025914777068,0.0001213854503952881
wS/stS-Stable-0x75b0,0x11e9957d060aa859b5519269c8137adf2664f834,231.32172267474505,0.000007074952922421155
wS/stS-Stable-0x75b0,0x11fdb8063226dbff48b7925d5a37a65731140b4f,249.14010465808278,0.000007619926443403821
wS/stS-Stable-0x75b0,0x1245815ce0609403047b54b1948f037331119132,127.33377915055094,0.000003894491544102942
wS/stS-Stable-0x75b0,0x12990834aa3c237a2ee7002c4a122ea14bc94904,9372.07484969512,0.0002866440193350656
wS/stS-Stable-0x75b0,0x12c809bd16233224f746323808f38cdcc075f2ae,15.329608945753591,4.6885463395424455e-7
wS/stS-Stable-0x75b0,0x13a4de15f406b024df9dece7600b4a50c3c5bb17,188.3494546854389,0.000005760650186480138
wS/stS-Stable-0x75b0,0x13dbabe8ff38daafd1bacbff0dfaf90c754ac909,454.4950103465054,0.000013900686734025878
wS/stS-Stable-0x75b0,0x13dd946f2f15aa543de9c92b32cb1132781e7770,12824.131133429944,0.00039222483297664777
wS/stS-Stable-0x75b0,0x144db4e3d28aca86ca6cd7ad6fa3cdabd3200ff1,15741.86328643496,0.0004814633938176038
wS/stS-Stable-0x75b0,0x14d254121d0a46463ddcaca5767c3d6c911249c7,19.573906994157,5.986660867394199e-7
wS/stS-Stable-0x75b0,0x153b4f4f2c6c284f844a53eb2e097d23b7bfa4dd,15381.18333775763,0.00047043203183634537
wS/stS-Stable-0x75b0,0x1563c4751ad2be48fd17464b73585b6ba8b6a5f0,3155.965853292134,0.00009652491594231193
wS/stS-Stable-0x75b0,0x15a5e7f5e02b35a11d4bc847e6d880265e3b2c08,2161.8336098860327,0.00006611947567741897
wS/stS-Stable-0x75b0,0x160cf6551ee3d910f673af762d5a2f1bd4855be1,3079.2195061401458,0.00009417763620226101
wS/stS-Stable-0x75b0,0x164fc998283085711c6c8cfd048a291380e0619a,235.645746363051,0.000007207202776332252
wS/stS-Stable-0x75b0,0x1651999b9bb0bed5305693b06785067d9592c864,4.926932917277756,1.5068977542882924e-7
wS/stS-Stable-0x75b0,0x16765c8fe6eb838cb8f64e425b6dccab38d4f102,104495.64558735634,0.003195989397710233
wS/stS-Stable-0x75b0,0x16b00db74167b7469dda63b674ca9a3b1b70c439,15.704839233459074,4.803310166730244e-7
wS/stS-Stable-0x75b0,0x17b72bf643a1c8356d2bb264a42bfcd4dfa3661c,58315.17667194419,0.001783564141084971
wS/stS-Stable-0x75b0,0x181a991e5c7decbf33cfe75866e08942ec271559,17199.847842290194,0.0005260557130127914
wS/stS-Stable-0x75b0,0x183491ac186440388ed00f92a1dda98f78e7998b,18301.03534644926,0.0005597354282621817
wS/stS-Stable-0x75b0,0x18ad72125820824d71cf3c1e8cd10678cc39a866,322.6595940545115,0.00000986851304541326
wS/stS-Stable-0x75b0,0x193641ea463c3b9244cf9f00b77ee5220d4154e9,1815.8442496770638,0.000055537423949493126
wS/stS-Stable-0x75b0,0x196f5a721f5eebd68e086656c5afdc20f403db56,261.9721465184564,0.000008012393225212863
wS/stS-Stable-0x75b0,0x1979630a6ab98a0cce107aa8edc4ed1057f2bd43,160.42803484587884,0.000004906676212017728
wS/stS-Stable-0x75b0,0x199aa8cfbbf7f1690ff873f9fe5ed2ddd21ccc0a,3.238494248777646,9.904903908159848e-8
wS/stS-Stable-0x75b0,0x1a5a04171dc7143afe49870fcda9c875e5f86f38,206.5223990433909,0.00000631646796402225
wS/stS-Stable-0x75b0,0x1ab0a6362bbfd48e87dde4f74434030f839caaff,35998.598464908304,0.0011010137157351145
wS/stS-Stable-0x75b0,0x1aca16cb1d1cb06c819746154c11a1350951ce9a,223.40617282848058,0.0000068328565820089655
wS/stS-Stable-0x75b0,0x1ad4a9c4ca9c0a6b1a066db8447873120f2ff9dd,29838.35170189966,0.0009126031534462242
wS/stS-Stable-0x75b0,0x1b1dbd3dfd5b4e33e9e67440fb65526bd8737702,2603.5563932388204,0.00007962952506165265
wS/stS-Stable-0x75b0,0x1b5905acb5e0c49b24e5172778f2c4dcfaf684d1,721.1127817242526,0.00002205516595442617
wS/stS-Stable-0x75b0,0x1c529d7687a169389cf012fa0b34809217000321,518.0319224711633,0.00001584395715809246
wS/stS-Stable-0x75b0,0x1d4836a9aa218c9adc5dbd40724be085dbfa6104,27.469550074321006,8.401535806007107e-7
wS/stS-Stable-0x75b0,0x1da29ca4e330f0faa816edb6b55b46f9ee453f7f,12435.55925686364,0.0003803403990294351
wS/stS-Stable-0x75b0,0x1db383f83b61e5ab316366c2b1ab12d6d0f25eaa,80.33013550138789,0.0000024568895664120017
wS/stS-Stable-0x75b0,0x1e4005508544064737e04e15e3e2a5c7731bff2c,255.62970215015002,0.000007818410166466857
wS/stS-Stable-0x75b0,0x1e42c9667ba9aa0c1f0b2dfaf42d4fe9c438ae34,22832.1822327427,0.0006983201255159569
wS/stS-Stable-0x75b0,0x1ee840962f7e8414092a25a216ec94d06e4600d5,1532.2257463192,0.0000468629789558172
wS/stS-Stable-0x75b0,0x1f452f2beea8c1105cd5363b18a0995367a87d97,21.468290383967926,6.566056228320765e-7
wS/stS-Stable-0x75b0,0x1f53540835672292df22df8cced701056cd71405,566.020592605412,0.00001731168607729472
wS/stS-Stable-0x75b0,0x1f6776679f5a18a2b31a6a2503bca2e872d76f93,709.2416829516538,0.000021692089525708578
wS/stS-Stable-0x75b0,0x1fd50f346d8c3f7c519f0e595d4c18a5ef38c17c,115292.34469624273,0.0035262054147348083
wS/stS-Stable-0x75b0,0x20833b61f0378b97e4f492f53e4fbbb93336e3b2,143.62400865034994,0.000004392726666485148
wS/stS-Stable-0x75b0,0x20ce95ba2120fffc397e99b3efcb5b35ee2fb66a,143.14712129813023,0.000004378141112101236
wS/stS-Stable-0x75b0,0x20e146f3c4cfc40c889a9841c5e5058132c82be3,9.996792012583475,3.057509344408217e-7
wS/stS-Stable-0x75b0,0x21704f7cdbb568754385487c27cd0c87a37435c5,289.0511541940424,0.000008840602103632946
wS/stS-Stable-0x75b0,0x21c715749c2ac9bad001a584511f303a98f8e954,223.7259679435268,0.000006842637485235912
wS/stS-Stable-0x75b0,0x22072c5bb327d004c5419f8e0746a70121735fbc,5.679212138764912,1.7369816398393635e-7
wS/stS-Stable-0x75b0,0x22138a0cff84952c018cbcbf5650149017d6b292,8752.985104419795,0.000267709218262642
wS/stS-Stable-0x75b0,0x2217854468cfa2eecc21761bcc67a2f773aa1425,162.59684407259897,0.0000049730090362736355
wS/stS-Stable-0x75b0,0x228baf69cdd1290d98d9590e772cbd7f1f75ff66,1845.5252085192099,0.00005644521325726932
wS/stS-Stable-0x75b0,0x22ee3afeb853f03be12d4c5a9ad5a45ec70362ad,0.99216802254399,3.034536475634154e-8
wS/stS-Stable-0x75b0,0x237aa30084281a94803df9f13652e5f452458b18,17.18967385517,5.257445425828102e-7
wS/stS-Stable-0x75b0,0x238199a3a1fd126774dfef541e0fa7eb7ffeba4e,5.818005786953306,1.779431545343685e-7
wS/stS-Stable-0x75b0,0x24561da338b34f2c5ef49c4f0f0a98c66bb60460,3999.517981346417,0.00012232487767778542
wS/stS-Stable-0x75b0,0x24a9b3bb7af3c21a4d26e07492202ca2ff3d4cc7,22.550635714495577,6.897090519901438e-7
wS/stS-Stable-0x75b0,0x24b5ce62689f6b828afe24ab655d685e84ec13cc,4707.085242941203,0.00014396575518529204
wS/stS-Stable-0x75b0,0x24d4fd836a8af1dbdd787f29262a7d0132ae2662,6210.463154299347,0.00018994642584812532
wS/stS-Stable-0x75b0,0x250a64de7cd5c7785800c700e1171c57e8bad0dd,40.243697675075666,0.0000012308496719767645
wS/stS-Stable-0x75b0,0x2526a6efeef588bdfb0d572d8c373dd71ef4e4f4,13372.35324065078,0.0004089921540685436
wS/stS-Stable-0x75b0,0x254bb212e0d498f5da2890ac99d7347f497c4141,542.6085052431933,0.000016595629608459714
wS/stS-Stable-0x75b0,0x25b70c8050b7e327ce62cfd80a0c60cccf057fa6,37528.744112904846,0.0011478130750812528
wS/stS-Stable-0x75b0,0x25e2a352478b83dc0de5d74bec53a8f13d4062b6,61903.252341939115,0.0018933050947393436
wS/stS-Stable-0x75b0,0x260595af9a3e85fc2d48acf9bfc4bc91efebd136,250.93359918764517,0.000007674780303285868
wS/stS-Stable-0x75b0,0x26606cd9ec4c9a5f3dc743dbf4a9c4d14ab8d842,16313.776612861337,0.0004989553085992572
wS/stS-Stable-0x75b0,0x26a6dc267e276fded7b40251c8fc08b1b40df367,6119.001547031472,0.000187149081274745
wS/stS-Stable-0x75b0,0x26d067c1bd1762d9bb6efe783b1fcd925f0e746d,0.982722879744789,3.005648596070914e-8
wS/stS-Stable-0x75b0,0x26fa942b42a7890e0cb74a49cc66d0391c8bf26c,3720.1646242259317,0.0001137808817767748
wS/stS-Stable-0x75b0,0x26fad00b5e8bbd2cf4b39196de32af8c35e1f74a,3137.9665800927964,0.00009597440988066478
wS/stS-Stable-0x75b0,0x277c1d7a4c4dd06733f19904d88c7f7fe3925b86,837.7742730806182,0.00002562324658975096
wS/stS-Stable-0x75b0,0x27d83f1308665e2be54faebc11a53457f85fa016,250.93524509712728,0.000007674830643271086
wS/stS-Stable-0x75b0,0x2801551a67dffb9b0072d43bf3c5eec6a8a24b44,212.71226990383195,0.000006505784576518099
wS/stS-Stable-0x75b0,0x282d18634cd313fbfc8607bdda50cd3699b29948,11.864391009148926,3.628712724094276e-7
wS/stS-Stable-0x75b0,0x284150de2abbb3e67004b2393a19285cc9a6ee1d,159.64516621481312,0.000004882732249275335
wS/stS-Stable-0x75b0,0x286e07e3038c42bddee38ff56c4f18c384d7b3c1,14.991819420403395,4.5852337339684363e-7
wS/stS-Stable-0x75b0,0x288549cfa97698a43020fe8785c8143dbec2b822,4954.696416444878,0.00015153891941452078
wS/stS-Stable-0x75b0,0x28ac01ebf289292783cfaad9bbf2c7fe2666dfbd,2888.8382510288934,0.00008835484359269077
wS/stS-Stable-0x75b0,0x28aef7e702afeda80f05cb8457d49ccebe7f66f2,5241.266631759264,0.0001603036422381016
wS/stS-Stable-0x75b0,0x28c974c18c6553b445c4b77f35d83f3499acf58f,0.00549719552098008,1.6813120301271492e-10
wS/stS-Stable-0x75b0,0x2a06913d5b8748b222e1236768c24ca19198b374,30.89880999046973,9.450371695043436e-7
wS/stS-Stable-0x75b0,0x2aa04c4c27bf596736902020520490896da661f9,1510.595160063536,0.00004620140952916041
wS/stS-Stable-0x75b0,0x2b06cfcee35c8947ac92a8413272aa5e7a8c115a,236.29573697098778,0.0000072270826773549275
wS/stS-Stable-0x75b0,0x2ba9e7bdc9515af90062bd3750a0471d0f71e707,3090.8922516697617,0.00009453464601587697
wS/stS-Stable-0x75b0,0x2bde6a71265becec57fd5127992101f73f41f62e,6.017323383987715,1.840392643130914e-7
wS/stS-Stable-0x75b0,0x2cbbdc07de366d5964b47f0c178b5114781a6be9,1.2356588644704911,3.779250903553623e-8
wS/stS-Stable-0x75b0,0x2df44f531f9b8cd82f181f7e3f3401e392f1b19e,40359.95202094341,0.0012344053001059811
wS/stS-Stable-0x75b0,0x2dffdc3e3294266a402d6c3f3dd33be81f823d5b,18745.770124648665,0.0005733375992227896
wS/stS-Stable-0x75b0,0x2e128bbaf2cf7f1523a434128d91c642c5c7efad,2387.049482497803,0.00007300768175545644
wS/stS-Stable-0x75b0,0x2e1fd03b0174b6e9a76354862f11ecd297dfabcf,173.31847897799287,0.000005300929221762254
wS/stS-Stable-0x75b0,0x2e4674285656475dc2d0cc85c0c96257ae5f9e55,3330.39388515067,0.00010185978073356593
wS/stS-Stable-0x75b0,0x2ea2ce595bd68a0cd1fd34b06df98970952fe4d2,52614.149692304665,0.0016091987722643536
wS/stS-Stable-0x75b0,0x2eca1f8b3a23f5914d24e24e5ea1ecad956a531f,1146.3693755633685,0.00003506159849596195
wS/stS-Stable-0x75b0,0x2ee91a96625ad18b96ccf6cc08cbe5ce1c841656,44358.445772135165,0.0013566988518017439
wS/stS-Stable-0x75b0,0x2f556083bd13f674c7a5838988ef73b79dd689cc,130375.07715773929,0.003987509354860669
wS/stS-Stable-0x75b0,0x2f716f6e776bb2aaadb160a3791c484157428718,5346.422287084121,0.00016351981797096087
wS/stS-Stable-0x75b0,0x2fd8d19a815d5f8d27b9029f0a960155337a0efd,629.5371476807916,0.000019254333882942167
wS/stS-Stable-0x75b0,0x30df2a1462aa9f03390c0a4fe26026b23beb8202,174.3482646837552,0.0000053324251197877704
wS/stS-Stable-0x75b0,0x313fe1a98e99b15a981e479a9788be4d43db10d0,4351.134611321291,0.0001330790389171536
wS/stS-Stable-0x75b0,0x318312055830e05fae49d3b15b8b5fca5593ecc8,2.1186668592234823,6.479922470738424e-8
wS/stS-Stable-0x75b0,0x31be92cd745c622133f195a63ded70f1e41d6c98,17394.70201186956,0.000532015309286635
wS/stS-Stable-0x75b0,0x320ac2c6fc3eb2ccb8861ecbd0c06d7c7dad0295,5341.279148309673,0.0001633625155599207
wS/stS-Stable-0x75b0,0x333596dc492ebb6947ebae157860a157988a77ae,1260.413352204607,0.00003854962269227558
wS/stS-Stable-0x75b0,0x339c015afbcd4d6ac87474a68ae6c8551a1de988,18.550661987643622,5.673702353793476e-7
wS/stS-Stable-0x75b0,0x33afa1debe809961cb73e41a3d7d71e14da63917,152.05763040830726,0.000004650668187121977
wS/stS-Stable-0x75b0,0x33cabfdb18ed153ae710d9bb06f73d2d7b4ab9a3,4452.134243973546,0.00013616810309121418
wS/stS-Stable-0x75b0,0x342fe66616cb8da63a3a6c5f0c270c16231550ca,1757.8583110229665,0.00005376392952192059
wS/stS-Stable-0x75b0,0x357ae2fea8aeac0f55dea43fe70ce15f4af06c64,130090.4280879934,0.003978803390091874
wS/stS-Stable-0x75b0,0x35fadf310e5c90f38c05f4f30a010cf6e86fc0e9,10669.20574543896,0.0003263166446099057
wS/stS-Stable-0x75b0,0x36532efb1f2d87fbc8640ea4b58a36acab6e6345,100.37638938844108,0.0000030700023380180707
wS/stS-Stable-0x75b0,0x3675166c2a7e1d9b631e105216002ee1867b7379,3465.4601767907266,0.00010599077043790525
wS/stS-Stable-0x75b0,0x36fd602017149fd6c2161275af8e8f2f19198e19,1474.5652313042622,0.00004509943757934715
wS/stS-Stable-0x75b0,0x375f4075b253e9d024bc7ce3ebbcc8561a63355d,0.8355089842265246,2.555396294525324e-8
wS/stS-Stable-0x75b0,0x3768e6c39a365bb4be13bf89ffab4b7471455f3e,2473.8816793701644,0.00007566343625148429
wS/stS-Stable-0x75b0,0x37eedb7ac276bd6c894e81b8937b0b0bab154e22,1868.3178892667952,0.000057142325233612675
wS/stS-Stable-0x75b0,0x3811a1aead486a521d9d28996763569c80091cf3,644.5575119954971,0.000019713730299220707
wS/stS-Stable-0x75b0,0x3821245dab571f68cb0c97b04983de91651d0e01,87.06459239051813,0.000002662862290883127
wS/stS-Stable-0x75b0,0x39415152b48d809d2f1e3d47f62c179c20c74a0a,0.05594352679302743,1.7110274547427427e-9
wS/stS-Stable-0x75b0,0x395ef2d7a5d499b62ac479064b7eaa51ae823a22,103001.06417235074,0.0031502777670530547
wS/stS-Stable-0x75b0,0x3970f0893d68b87b182485844ee4dd5c3baf5c34,6785.715283388594,0.00020754045759218036
wS/stS-Stable-0x75b0,0x39b8daa2654646e20f9f39b2e90049cbca6b0a3b,76744.09280785818,0.0023472107911497726
wS/stS-Stable-0x75b0,0x3a39899dc78b7307acd83f51463c853fa79e1b09,4266.5021829182415,0.0001304905641308765
wS/stS-Stable-0x75b0,0x3b022a2264256ddd7de70b8e636045cc466768a0,54480.292238315735,0.0016662745648310536
wS/stS-Stable-0x75b0,0x3b964a558a4c42d357f1e0a876516892b1012ea0,5.497794457868673,1.6814952144057936e-7
wS/stS-Stable-0x75b0,0x3c57cb6c743b190cec13cd804afd753531b94ea8,183564.42843373222,0.005614300612942788
wS/stS-Stable-0x75b0,0x3c5aac016ef2f178e8699d6208796a2d67557fe2,68378.60539620103,0.0020913531530247094
wS/stS-Stable-0x75b0,0x3c6b375a555ad29d854c8cff46a38fc109ecabfe,149635.49174824025,0.004576587306202525
wS/stS-Stable-0x75b0,0x3c7ac2ff76a1b4dcb2b69b1121fef5fb8dcdec43,183.73538051467742,0.000005619529166105423
wS/stS-Stable-0x75b0,0x3d0db72eb8d80bc016698f1bc19aea2443f75252,65.72511167112455,0.0000020101962994106946
wS/stS-Stable-0x75b0,0x3d31d5fd0082133da66cb1c74b8cecddd74116de,178.34893819489886,0.00000545478533923468
wS/stS-Stable-0x75b0,0x3d477d4caed1b7c73f986ee61fd2cec88a148e07,6192.831154070968,0.00018940715279541984
wS/stS-Stable-0x75b0,0x3d5e335417da4815b1d371d594c2201ad2f1d90b,262.97004120859447,0.000008042913739553785
wS/stS-Stable-0x75b0,0x3d6991085ab1ae3926cb96f25684c40a364b6856,1237.8044835241717,0.00003785813259055179
wS/stS-Stable-0x75b0,0x3d8250ac679dcfd1e90c29e7a64ab5013645e579,3.280048444141812,1.0031997020095534e-7
wS/stS-Stable-0x75b0,0x3e64881791324755f89778bbdd454f9c961797ce,46.09345609823189,0.0000014097639778742684
wS/stS-Stable-0x75b0,0x3e8c91472fc50a8528e448ff501af9bf8c00cceb,41532.4026462194,0.0012702645911478099
wS/stS-Stable-0x75b0,0x3ec90f0cfd623669c6554fd587750baf5a2309e2,53461.216560152636,0.0016351062319826684
wS/stS-Stable-0x75b0,0x3f12c7d0c66299eed65696d65826fdbb59157cd7,4.709721141121892,1.4404637388085176e-7
wS/stS-Stable-0x75b0,0x3f5c25639b67959d7240f898ddfbf2e35ebbdd19,245.35679458531277,0.0000075042142640794205
wS/stS-Stable-0x75b0,0x3f888f4e16a08c6b3745ddbade98e24569852fa4,13492.459648873706,0.0004126655971591136
wS/stS-Stable-0x75b0,0x3f889277ac60ed7e0cad46056a2defbdca83ecbf,23.624816772641005,7.225627776526544e-7
wS/stS-Stable-0x75b0,0x40711ff25f332616d794bbdc4063b83735c6d625,158.6326990976645,0.000004851766038638049
wS/stS-Stable-0x75b0,0x40c7924efd995c99826f144f7546af722c785998,169.04191860806637,0.000005170131028936824
wS/stS-Stable-0x75b0,0x40d82eb96749cdcd6251cdcb722526caedef34ff,218.41366652382308,0.00000668016125075377
wS/stS-Stable-0x75b0,0x40fd7b406701e407c85688636318f6315cbc84b3,37.01719086072991,0.0000011321672674389762
wS/stS-Stable-0x75b0,0x41870cf3b029f7c5f72563e98e5bda80f1267532,163.59523487068768,0.000005003544724029116
wS/stS-Stable-0x75b0,0x4191b3bc49d21c69922d0b175ab6efbcf609fbb6,116.27089156920783,0.000003556134177924701
wS/stS-Stable-0x75b0,0x41a1458fdee14e108ce46ea28077cff9454b3085,5811.102965627573,0.00017773203239959123
wS/stS-Stable-0x75b0,0x41a6ac7f4e4dbffeb934f95f1db58b68c76dc4df,20471.300424152167,0.000626112779582154
wS/stS-Stable-0x75b0,0x4282890ff9661a51ea367aeddf341c6f6395d4e1,15736.86831273987,0.0004813106230214466
wS/stS-Stable-0x75b0,0x42ab9c98807eab8469b55a72786ff1d436663810,1251.8549246409261,0.00003828786399792186
wS/stS-Stable-0x75b0,0x42dbd726f2d74e7b1780afcacd46da8838a47c2b,2789.0492278095967,0.00008530280579318153
wS/stS-Stable-0x75b0,0x432fcd67815d5cc72808a7815a02373fdee7d740,39868.53854206209,0.00121937546551748
wS/stS-Stable-0x75b0,0x435227b0f30b1a1afba558bd07810b1495bf5b48,244.94563112609148,0.000007491638868721931
wS/stS-Stable-0x75b0,0x4367cc270d68925d9ba89cae2a9c2877f3acd69c,8.552212246075912,2.615685994549559e-7
wS/stS-Stable-0x75b0,0x438cbca6e5c1ba5d2931f2069d9201dfe947c942,0.13716302534223948,4.195118105521318e-9
wS/stS-Stable-0x75b0,0x43dec30f92cf1388a1e777b2644b08f4caac07d0,417.39122478226255,0.00001276587097580272
wS/stS-Stable-0x75b0,0x441921132b11fdc628f25fe80d7369143fa6c18e,320837.6790782082,0.009812789948866361
wS/stS-Stable-0x75b0,0x4447bf024195e07622fcab16c5834c52f4e0a25d,907.9884795198393,0.000027770741426373516
wS/stS-Stable-0x75b0,0x44a68adfc54ff1b503ca1ee1ccbc25c0efee7f45,667.593751476498,0.000020418291496298006
wS/stS-Stable-0x75b0,0x44ac1c3342a0f919395f06110ae55ccd795aa20e,2.3874127508847724,7.301879228457706e-8
wS/stS-Stable-0x75b0,0x44f4da18d1e9609e13b3d10cd091e3836c69bff2,210.13816845727004,0.000006427055928203611
wS/stS-Stable-0x75b0,0x4533e03d983fae04741131c5f7cb35f1b32a1acd,1141.7525650612827,0.00003492039378515352
wS/stS-Stable-0x75b0,0x4547f0133001991cbf7c4055a7bec5bae57331e4,22.74921966773558,6.957827233430793e-7
wS/stS-Stable-0x75b0,0x45adc095d1c01a404568ddcca532beb4f9c0c777,10577.37370080483,0.0003235079702448541
wS/stS-Stable-0x75b0,0x465376ede3020be8099c348edcaac478263dd375,7179.899366359323,0.0002195965403393548
wS/stS-Stable-0x75b0,0x46c9b6d9a8f802cb9e7559d5e0732a22e14f7053,1318.361622661714,0.00004032196504162001
wS/stS-Stable-0x75b0,0x46fa5d7c3aaa1ccc9c23fd6e7811da72c505bed5,630.4134690497684,0.000019281136088799593
wS/stS-Stable-0x75b0,0x4815ee939fe2efec2f7bc415f0ce2282f6417fe9,147735.51027947656,0.004518476553396674
wS/stS-Stable-0x75b0,0x4867dca57c00641332cdb96a4746b3eb29360618,5.447229092384713,1.6660298453878114e-7
wS/stS-Stable-0x75b0,0x487bdd59584efaa4aa6c0df2fdf3a83192d820c4,214.99194913736318,0.000006575508349404455
wS/stS-Stable-0x75b0,0x48b9676685c8aaa95f37e13463074cd1dd3682fa,105.83121910380817,0.000003236837786889036
wS/stS-Stable-0x75b0,0x48ba6902e3cf26974bb07cd17a26328594ad737d,157.78906838328874,0.000004825963673347395
wS/stS-Stable-0x75b0,0x49141e6c73fc29f0d750c4b4b37f55ce997b3950,128.30564555631116,0.0000039242159858377295
wS/stS-Stable-0x75b0,0x4918f36a4ead32be422ff8869777c569b7d55961,119.60361330234757,0.0000036580651556679677
wS/stS-Stable-0x75b0,0x49932dddf7a6299247b9174c28eb378a75fe8259,19.455977107073227,5.950592123412152e-7
wS/stS-Stable-0x75b0,0x4a4f62950ec25bff5267d52e79250aba3f77ad24,2481.0629147730574,0.00007588307365437416
wS/stS-Stable-0x75b0,0x4ac76b0e6e417e98bd2883dabba7467622f0cec8,260.7586632197915,0.00000797527895375177
wS/stS-Stable-0x75b0,0x4b61f6f1a3bb69cf1a08e3c9adbd472dda24bdca,687.3907640213206,0.000021023781245119126
wS/stS-Stable-0x75b0,0x4be78fc4baa74b7368c7c30205d0c6bacdf2c9ff,9995.741813939314,0.0003057188142150136
wS/stS-Stable-0x75b0,0x4c19d0923c985c3254a9ce56454d9844a40411c0,233.41165419865834,0.000007138873279626695
wS/stS-Stable-0x75b0,0x4c963931f71e6b471a1e4876ead08871ba8059e2,106.75804634402562,0.0000032651847100224768
wS/stS-Stable-0x75b0,0x4df719ad45a4cda1cacdf1964bf15d105034b2ca,559.3087821760189,0.000017106405992644216
wS/stS-Stable-0x75b0,0x4e032950eee12907168a38a2be364d0b11ff6dc8,22864.412952992563,0.0006993058990342707
wS/stS-Stable-0x75b0,0x4eb379128ddc25dded4af52a83015a80cb38d8c0,168.99361213735975,0.000005168653580117293
wS/stS-Stable-0x75b0,0x4f1eaa98d083d86b7154f2ac386d5b46827315b5,250.92574224295404,0.00000767453999937856
wS/stS-Stable-0x75b0,0x4f639310a05b36f525711fd52afce2770851f988,12002.579433078772,0.00036709775223338223
wS/stS-Stable-0x75b0,0x4fca7ea8770ea56d3e5eb1ce0f35ffe44f198c7d,5286.388172693065,0.00016168368028296177
wS/stS-Stable-0x75b0,0x510c188c03b5c05c6346a6982d192469842475b8,1081212.5459202395,0.03306878304841522
wS/stS-Stable-0x75b0,0x519605903d4329cadefd874dba491c8a3d09a946,1962.380096621673,0.00006001920891370915
wS/stS-Stable-0x75b0,0x51b322419e4613d2af91c3071f92c05ba25c409e,168.57935287830074,0.000005155983500015734
wS/stS-Stable-0x75b0,0x51cc87dc2d12614c1d3e1f8a6045aefd9c549bfc,2391.2572073542233,0.00007313637462063768
wS/stS-Stable-0x75b0,0x529497b2d1dfd5c23b3680ae5e12b12cb0aa2c7a,2.0585262271672935,6.295982918671168e-8
wS/stS-Stable-0x75b0,0x52c831e3dd97486a8c471c71ed5b1aae35e361a6,128.54447407688667,0.000003931520533461124
wS/stS-Stable-0x75b0,0x53143d37caa2cf41177b8d66e0125731a1247af7,1222.3386658800923,0.0000373851120264932
wS/stS-Stable-0x75b0,0x531bef9b0c386ca1ee9cc0f58c7b5f21d00d8689,0.25637152023199533,7.841098602059374e-9
wS/stS-Stable-0x75b0,0x54a7a53d98b66938da57a1d6e28989a195de1344,25711.230049845715,0.0007863755296166937
wS/stS-Stable-0x75b0,0x54deec02786497d53e1faeda4b1f1421b262d0b3,45.15166600237053,0.000001380959417221785
wS/stS-Stable-0x75b0,0x554faf0635c3fc95bdeceb02777dbd2532212bce,278.7117107210823,0.000008524371206813614
wS/stS-Stable-0x75b0,0x5568d62935a6604f5393ccfff222f91ee67ce06b,561.5075936108253,0.000017173656431585527
wS/stS-Stable-0x75b0,0x55a836ad1fd8361c5d05afc9afa634b87c898ad3,2882.352635152721,0.0000881564816469718
wS/stS-Stable-0x75b0,0x562e6a7c8dc2c80014022a2da2c3c76ddf1d5741,5531.186746995349,0.0001691708214326916
wS/stS-Stable-0x75b0,0x56640ba14fb770f1ed151886ac7bb6adaa96955c,11001.712688108017,0.0003364863378776215
wS/stS-Stable-0x75b0,0x57964eaa255f2f81ad6f46d77adfb113c9aff496,150.9936634247138,0.000004618126857959742
wS/stS-Stable-0x75b0,0x58081488ab9a6b8a31752e7cab1df029390940f9,62.724365635313276,0.0000019184187668468473
wS/stS-Stable-0x75b0,0x588340baef57bdcbb53f3fe465fafb0a5a92b1a4,6463.027906063472,0.0001976710947980737
wS/stS-Stable-0x75b0,0x5a72a9c120281eb6853af9bd8f27613618d24147,1.319546735242859,4.0358211597379754e-8
wS/stS-Stable-0x75b0,0x5aaa7986136e54f0bcfb7baf3058aed1698abf37,9.894531656868429,3.0262331117159997e-7
wS/stS-Stable-0x75b0,0x5ba323cc3e4b01ded640fc78c8948dcfb8f298cd,5188.447775841587,0.00015868818254537252
wS/stS-Stable-0x75b0,0x5c2e3184f5c6ec2a6258fbf28017f538c50d7e24,2054.551758337859,0.00006283827043496653
wS/stS-Stable-0x75b0,0x5c79b582d1f9bbb47372d88361173d9e0beeae3a,259.6001053074281,0.000007939844570015164
wS/stS-Stable-0x75b0,0x5d4950402cf986f9d2c9be0ccfa31b1036fa6ddc,0.6155429863510131,1.88263237875126e-8
wS/stS-Stable-0x75b0,0x5d8b4e10455dd25ca2ff1a76ceb3e0e354c876ff,103.26853827070092,0.0000031584584369525926
wS/stS-Stable-0x75b0,0x5e194bdf79fa0c07c82c18ad34827d1361b5768c,1865.906942759911,0.00005706858666363555
wS/stS-Stable-0x75b0,0x5efd95ced49055f9f2d945a459debfccee33aa54,95.21766679305452,0.000002912223297294305
wS/stS-Stable-0x75b0,0x5f89a6b152259139c6be79cf814c85907099891c,23146.40844820546,0.0007079307044779487
wS/stS-Stable-0x75b0,0x6020dcd76ac78ab11bc3e8485cc0b4394448ef45,1751.186702132317,0.00005355987899751515
wS/stS-Stable-0x75b0,0x605088609f9ac2f1f4571c4ed57a9318dd381f0a,79584.73749603458,0.0024340916391989292
wS/stS-Stable-0x75b0,0x606899cc78181ff9c315824f1210524e70afb2ec,1440.759579961247,0.00004406549494309975
wS/stS-Stable-0x75b0,0x60916fe673b8934c4a1eeef6fed3c533427fff23,516.1433895903028,0.000015786196559260507
wS/stS-Stable-0x75b0,0x612b13731f22fc09a3ec46aa92343363ed168c99,12.501634945271258,3.8236131768504176e-7
wS/stS-Stable-0x75b0,0x61fa8f7213f3cbf64a494e134c8277d0c9660516,485.43073660674014,0.00001484685298413553
wS/stS-Stable-0x75b0,0x62810730b8fe56d13c5627a96af027782122eda1,10468.063675570016,0.0003201647335027847
wS/stS-Stable-0x75b0,0x62ac87bf969d3a1a71726c49268f2491130f895e,28.515412332530353,8.721411784562408e-7
wS/stS-Stable-0x75b0,0x62daa776ec074d98ee44c724558e277006987ed7,3952.987281869484,0.00012090174065269285
wS/stS-Stable-0x75b0,0x63df7d9d7795883d56ca290f94aba8a6aa4f6f22,5430388.79931553,0.1660879257743616
wS/stS-Stable-0x75b0,0x64931189b070fc7c8c80839c8a2d9a10b83082ab,129.52859708137436,0.000003961619842104143
wS/stS-Stable-0x75b0,0x65e13cf77d54974d57f7fd86d91df3dbb0c465c6,220.13743859030816,0.000006732882655723223
wS/stS-Stable-0x75b0,0x668beda9ca81e52443b1e1c57faa6b668b7bd904,606.7780058769969,0.000018558247692009892
wS/stS-Stable-0x75b0,0x669bf51cb2b94e089192df29a658813236a31e8c,56.37856183109236,0.0000017243329600723947
wS/stS-Stable-0x75b0,0x6720ddf5cd112a57ea30f1f16b70f6f213af71e8,30791.342001870773,0.000941750271277868
wS/stS-Stable-0x75b0,0x677029e369dfb8fc1474810f20fffc43c49fabf5,25.31346966947817,7.742100661532316e-7
wS/stS-Stable-0x75b0,0x6865c47b0a8ffeed9ea84d1c0f949100c90a17df,29.043786878000965,8.883014637566683e-7
wS/stS-Stable-0x75b0,0x688ea0b43f7167015991a6eeb497e4d519b91869,1.5319244527422984,4.685376392037756e-8
wS/stS-Stable-0x75b0,0x693f30c37d5a0db9258c636e93ccf011acd8c90c,4.439351102448581,1.357771319215202e-7
wS/stS-Stable-0x75b0,0x6a5334e6c9352c1b5735969dd439e41bcf9b4da4,3826.4571008395387,0.00011703182708080147
wS/stS-Stable-0x75b0,0x6ac638ade092aac585fefc0fd1192c56c2bf22d0,1.5589086484771855,4.767907298459441e-8
wS/stS-Stable-0x75b0,0x6c2e73d510d9df0b154bb8a0abca71d2ceb27883,25261.012894721036,0.0007726056806784155
wS/stS-Stable-0x75b0,0x6caf11a967a7b3fe9ed81750ca96692bf40d2c8a,0.8704629784103054,2.662302753824242e-8
wS/stS-Stable-0x75b0,0x6cc22b19c4ffa27c4f7917b3e77c60cda03a4e14,12.796104599184499,3.9136764408806265e-7
wS/stS-Stable-0x75b0,0x6ceb4281bf3b72536439c9cc5e2fc6b3dcda626f,17974.979864845514,0.0005497630523185379
wS/stS-Stable-0x75b0,0x6d1e0084a6910a8803ab7c22483a1a2db3f1001a,229.08152979334983,0.000007006436835865378
wS/stS-Stable-0x75b0,0x6d3bcc772bbb51f06f4d0d9cf67c1d1c2eb4fc71,95.31924145525669,0.000002915329948692547
wS/stS-Stable-0x75b0,0x6d75fc6c2d412ad34de62890a0f309ad8efe41ff,794.3327828879404,0.000024294592737275693
wS/stS-Stable-0x75b0,0x6e062761e1ed9ffc849badacba81c8b9984945d9,3083.5306383912116,0.00009430949177278824
wS/stS-Stable-0x75b0,0x6e4f8dc2f2e4fee1717a1fbc856cbb9ca5418ced,202.31098800056355,0.0000061876623571797715
wS/stS-Stable-0x75b0,0x6eef09b526d883f98762a7005fabd2c800dfca44,54.9306302659839,0.0000016800481106445966
wS/stS-Stable-0x75b0,0x6f45e9dfde2719661ea6766d6ea7a0a9d341cbd5,125.12066789804715,0.000003826803746595223
wS/stS-Stable-0x75b0,0x6fb737d1ebb73cda6cfa36fd16d9273065d1b084,6592.665923891479,0.00020163606126332335
wS/stS-Stable-0x75b0,0x701a7796b62246961b54dbd66bf6563682b81843,4356.525532955644,0.00013324391974343523
wS/stS-Stable-0x75b0,0x7044c9382e76b6a32a817a5156a36b9fbcefb61e,370.8526352231057,0.00001134249263329454
wS/stS-Stable-0x75b0,0x707919bbb1c507d25dbf864f79958b76924224e5,75729.11398369135,0.002316167760191839
wS/stS-Stable-0x75b0,0x709656752ee57c34b6c9462e598b593b71492da6,130767.93543717428,0.003999524888032597
wS/stS-Stable-0x75b0,0x70b5efb2513949d4e21a4f94150a9c2f475092f2,3.2705511590266134,1.0002949663753941e-7
wS/stS-Stable-0x75b0,0x710969f07f9b94428a612e26dcdf7728524b01d1,223.75042835676,0.000006843385604651966
wS/stS-Stable-0x75b0,0x7191bcceed9860a719e4b8ef622d420c10486b85,76486.43388106624,0.0023393303173403256
wS/stS-Stable-0x75b0,0x71ccbba5e5a9b88fd1b158130c6534de0a6ab3fe,206.1960745770496,0.00000630648736120595
wS/stS-Stable-0x75b0,0x7201d533e9f2dc54fa6e40e78530643890b67471,156.47783842659055,0.00000478585982963207
wS/stS-Stable-0x75b0,0x725bc32a354f97af517a87a49a00bfaa7c6b1ee0,59197.73546236516,0.0018105571178849793
wS/stS-Stable-0x75b0,0x72a6a837e79446946bdfcdfacfa6fcf82456717d,230.18491456612722,0.0000070401837543668145
wS/stS-Stable-0x75b0,0x7303ff5f13568aace1ab077e3f52d372e961b279,251654.99162308514,0.007696844022422634
wS/stS-Stable-0x75b0,0x73745986d145becfb48be3fed88891d2fe8f0c0d,1.1964235617313588,3.6592501026921267e-8
wS/stS-Stable-0x75b0,0x739167bd88b5e200d42c8d482121c30c86e9c79a,644.7130613564121,0.000019718487761653814
wS/stS-Stable-0x75b0,0x73d52bf205839bb5b090ad68d8691a2462492bf1,0.1621275716796286,4.958656384695272e-9
wS/stS-Stable-0x75b0,0x73f766e1fdfb6555e955039186b38108a9ea7b2e,12172.13728369075,0.0003722836629936674
wS/stS-Stable-0x75b0,0x744e9465b5f5a1a2f8d5118ed383b1d8f02349ab,68.34314900844102,0.000002090268722771897
wS/stS-Stable-0x75b0,0x747276019e3340104c96397bf6537ad01f93d7df,0.2472186143257237,7.561157844047321e-9
wS/stS-Stable-0x75b0,0x75454b2825ceeec63007dc68347d72f5119b17eb,1.3464771514856062,4.118187582093624e-8
wS/stS-Stable-0x75b0,0x769162779191b0a513d0d08db6135a144906c39e,8018.898748745345,0.000245257256780879
wS/stS-Stable-0x75b0,0x7716aa141f71deda152e1d39ff0d6f7a07d484fe,1209.7938808433441,0.00003700143096735773
wS/stS-Stable-0x75b0,0x77b70eb23449bd282aeebf12c7b657cb64af7740,529.6637728741083,0.00001619971619814247
wS/stS-Stable-0x75b0,0x77fca3e46cad03439f3dcea110f8772159e5cc62,209.64568306806942,0.000006411993309339779
wS/stS-Stable-0x75b0,0x784a4ca4982c5c3ebbe37c8e4f9483a04e74cb7b,24507.657674799066,0.0007495643828133532
wS/stS-Stable-0x75b0,0x78d4c94b1284d46d238c6afbbbd115385b1b36ec,2927.115398800697,0.00008952554652261337
wS/stS-Stable-0x75b0,0x78e87757861185ec5e8c0ef6bf0c69fa7832df6c,21872.719235884386,0.000668975040864645
wS/stS-Stable-0x75b0,0x78ff6a5f1bc5e89ae3b49d300e2137490f95b9eb,7773.694424369302,0.000237757705803672
wS/stS-Stable-0x75b0,0x7909acc2c9fba6cf01cba70e5f00e6b47ca68b55,2.470683443839614,7.556561852147683e-8
wS/stS-Stable-0x75b0,0x7909d72df53b939f37ecdaac3b021dce4168f860,8307.073384735357,0.0002540710506584731
wS/stS-Stable-0x75b0,0x795aeb7aaa511a93cc8f5ab86fc71bab70b0fa42,62.05584956981635,0.0000018979722664638143
wS/stS-Stable-0x75b0,0x7a841f2f73e0f7d2c55c2dd0687a954a781830d2,156.1530318215809,0.0000047759256504604666
wS/stS-Stable-0x75b0,0x7a921b0365b4571bee00ba5a1dbb422b11f13f9e,14866.629472208217,0.0004546944507189393
wS/stS-Stable-0x75b0,0x7ae34f7a28731f99c707e35f05ff0f4d14775e59,36.44738114905102,0.000001114739691514622
wS/stS-Stable-0x75b0,0x7b094acfb5ac34f1baa23649092d8b5a9892ec1e,53.234391255009236,0.0000016281688015634776
wS/stS-Stable-0x75b0,0x7c568cd932ec35213c13adbb9467b381578be96e,1697.1763218245815,0.00005190797664445953
wS/stS-Stable-0x75b0,0x7c88c73f45338e7ee38b246082ab85297f5de5f1,47149.73227166188,0.001442070084337949
wS/stS-Stable-0x75b0,0x7c99747a7f0242e002acd4e64048274c2ee17d73,30909.9739674141,0.0009453786186790909
wS/stS-Stable-0x75b0,0x7cf80eb70b99251463a5fa981e3592873e47d5c7,1369.6309570681924,0.00004189003276606682
wS/stS-Stable-0x75b0,0x7d14ace170ad49aab07838f1ad1412541b1dba56,12796.064863622923,0.000391366428779685
wS/stS-Stable-0x75b0,0x7d8ae2705a89c208ad760d3832a5ba90db8691a3,150.0401091615684,0.0000045889624913679655
wS/stS-Stable-0x75b0,0x7d9ea6549d5b86ef07b9fa2f1cbac52fc523df65,740.0282657654856,0.00002263369423767219
wS/stS-Stable-0x75b0,0x7ddec281b31b588eae53334e3560f63f803db645,139309.83569798074,0.004260778096397281
wS/stS-Stable-0x75b0,0x7ea415dffab9260af4d91252dc7646da55fafbd9,1443.1634274477206,0.00004413901639021172
wS/stS-Stable-0x75b0,0x7f514ea5abb2099e075eff21231427ca0279e979,126.9276940302222,0.000003882071469258258
wS/stS-Stable-0x75b0,0x7f7b476911f58cdfcab3ac17374dc94bd3b870c5,220.19717983477707,0.000006734709836012463
wS/stS-Stable-0x75b0,0x7fd9a5adea28d7b369278d57f90ab174689bb3c7,275.29860137137877,0.000008419981581451102
wS/stS-Stable-0x75b0,0x7fe367156de797523ea25cca3d7aed9c2c24ddf9,23.680048692168292,7.242520406667465e-7
wS/stS-Stable-0x75b0,0x80fe9e3dbbb75d44fce3e277ee73af1bd34b62ce,94852.52851506032,0.002901055577734239
wS/stS-Stable-0x75b0,0x81e14e07493bd2a3ad29bb7dab1f26de9c98151b,312.6646996321387,0.000009562820148588843
wS/stS-Stable-0x75b0,0x8244cbabf39b4d8ea4f6eaa8a8b8bc588409839c,5107.341802970741,0.00015620756406668673
wS/stS-Stable-0x75b0,0x831602bcbd2b42a11b5ba058cbb1451f32772a5b,232.20871377530273,0.000007102081461005816
wS/stS-Stable-0x75b0,0x83678fbcbcf8af5a083027097098fae2734edfd4,18197.770818742447,0.0005565770924879448
wS/stS-Stable-0x75b0,0x83cac2cffc90b22fb063bfacfce4cb8544724cda,150.88968332533685,0.0000046149466364939225
wS/stS-Stable-0x75b0,0x83e79f5fbe8d6dd7e8b44ee505c24bd9a77f5d02,32694.454448521312,0.0009999567847450803
wS/stS-Stable-0x75b0,0x84e39518b9a8b298709604e8fd5525307d53a710,356.96274284178975,0.000010917671593752647
wS/stS-Stable-0x75b0,0x860c757c524590fa1d39e3e9565025d2b481b7ae,39790.06345070465,0.0012169753123000614
wS/stS-Stable-0x75b0,0x86ec3c4ff2559adac1cc7981912de195f58aef45,8.568959233756749,2.6208080448293274e-7
wS/stS-Stable-0x75b0,0x870f300a3d53c9aa6a61074f2739553cdd35357f,3758.3777913379818,0.00011494962786429425
wS/stS-Stable-0x75b0,0x879f50787ab4a36aa3cdf971691bfc8058da203c,0.5047054078247563,1.5436366973076172e-8
wS/stS-Stable-0x75b0,0x8807842d0846034b52b3c70bd975ce349ae4b683,111.49121983728027,0.000003409948371866347
wS/stS-Stable-0x75b0,0x8855b2c6653b9a4696a07f3fc9dc8938d2901837,244.89625138148395,0.000007490128593922055
wS/stS-Stable-0x75b0,0x887e8b6119b38c60cb03cab204c0a704c6e0a473,760.0198243901837,0.00002324513415987282
wS/stS-Stable-0x75b0,0x8880a14961d17e9e207dc41caad05ca3509092f5,149.0533381064935,0.000004558782192349186
wS/stS-Stable-0x75b0,0x889f854ef588db36b2979d7e29c27e8d6879b4e5,5114.855861372358,0.00015643738082938874
wS/stS-Stable-0x75b0,0x8938d755c9ce4ca951032e4d29cea8e840ca76a8,170.8839869917962,0.00000522647051553616
wS/stS-Stable-0x75b0,0x8a6eeb9b64eeba8d3b4404bf67a7c262c555e25b,342.4243987710214,0.000010473017720863794
wS/stS-Stable-0x75b0,0x8aec270ead1e02e7a49fd56d20b00507edcefa93,10.767371134805536,3.293190237222047e-7
wS/stS-Stable-0x75b0,0x8b575aca87eec0e9992d6e5b328a769cf66c21b0,6716.404557655044,0.00020542059562714908
wS/stS-Stable-0x75b0,0x8c67a62b80f55c4dbb23b275bcd5007c6953bc2b,0.0037578998932883655,1.1493501139782644e-10
wS/stS-Stable-0x75b0,0x8c8efdbfde0e4799b6e82a0bb8c477aa70a6a9fc,141.101739348489,0.0000043155832993945195
wS/stS-Stable-0x75b0,0x8ccfcfa7e6133e0875192974d0d857fb7a28375e,2534.1834808982658,0.00007750776112515116
wS/stS-Stable-0x75b0,0x8cf6b98f59487ed43f64c7a94516dca2f010acc8,25.862628923660967,7.910060497959705e-7
wS/stS-Stable-0x75b0,0x8d618eb95eb755d0e4ea6af4737ae3dcb684f949,0.4439958915702259,1.3579572183216789e-8
wS/stS-Stable-0x75b0,0x8d6e361347f7dd8f297a3396098dd4343f5bbb45,0.5568394191532895,1.7030880759077013e-8
wS/stS-Stable-0x75b0,0x8d893429b077455f0db9bc005536f441785eeeb2,7098.360104989336,0.00021710266977306649
wS/stS-Stable-0x75b0,0x8e8cb3243653351d0a64780136f1784c839c294d,31253.788246342083,0.0009558941457525767
wS/stS-Stable-0x75b0,0x8e947e7c08f74db75499e097b9cecaf0221dbfbc,214.0486180070596,0.000006546656656359888
wS/stS-Stable-0x75b0,0x8f80791dcdaeb64794f53d4ab1c27bf4c21a4f41,488.2305298658974,0.00001493248439510726
wS/stS-Stable-0x75b0,0x8f9be4310f9abb0e5843cc6363908c9b01dfeb3f,2517.5575825098795,0.00007699925960168558
wS/stS-Stable-0x75b0,0x8fab7fcb0d9a935105386becbb9fbfb4bbcbe5fe,3.1807306676830116,9.728234543886776e-8
wS/stS-Stable-0x75b0,0x903ba2a742ca284b77352fae1a6e37264e3c0387,1237.832995710322,0.00003785900463305776
wS/stS-Stable-0x75b0,0x90660dae63ee2736a40c38651416868f3876eabc,1023196.0055159891,0.0312943526692201
wS/stS-Stable-0x75b0,0x910bd94fbe21ad95902b4ce2f57a83c898c1c822,287.85465371759676,0.000008804007250176793
wS/stS-Stable-0x75b0,0x91cca8cf03fdf510dade6649a25cc5ea6fc9bfb0,94.7391640129343,0.0000028975883352014525
wS/stS-Stable-0x75b0,0x920bcba669734d63db9899e968959e99adcfe850,4534.323023661654,0.00013868183911358597
wS/stS-Stable-0x75b0,0x92170e2e247ffc40dcac78d5acf6f0c0e4bad075,13751.585706970738,0.00042059094304021285
wS/stS-Stable-0x75b0,0x9243fed0055c8aeaa31baf425c3e96c19de9cd43,21.300344528566942,6.514690147922497e-7
wS/stS-Stable-0x75b0,0x92d010aad4fd7eed3f8f1b61701aed63c5d94b9c,12723.489646114593,0.000389146722643708
wS/stS-Stable-0x75b0,0x92efd4d4f3fcd2b2df240248216778f49df85853,151.829409024357,0.000004643688057765046
wS/stS-Stable-0x75b0,0x937545811348ac77b8fac0465418dbdb684334d6,233.79705798730566,0.000007150660817905737
wS/stS-Stable-0x75b0,0x94bb26991e1d2c25feb6553ce968525ca4d405de,4971.512838540331,0.00015205324808747548
wS/stS-Stable-0x75b0,0x95b4256d851e264eca0684a88ab231f7aef9a822,12.433347477731083,3.8027275197468947e-7
wS/stS-Stable-0x75b0,0x95ffefbab7dab3ff2de065759d27e6cfcc60c02c,1285.7295466900246,0.00003932391609666557
wS/stS-Stable-0x75b0,0x96fbc6f89be263d775c071045d0dd85ebc97da9e,2975.2634795173904,0.00009099815099934257
wS/stS-Stable-0x75b0,0x976d27d230f1d6fb0613d8cb40d368e9ea083ddd,759.5432715879779,0.000023230558837669316
wS/stS-Stable-0x75b0,0x97d37e8b619cf4c6145da456766ca4fa157292d3,3713.5633084274373,0.00011357898115991811
wS/stS-Stable-0x75b0,0x98378ca19523d3935cdcdb3f3f4ebbc5a3f4b873,241.57526233945887,0.000007388556459422431
wS/stS-Stable-0x75b0,0x98519638464d2fb1827418f30b616d78f5b76550,142.00834905943717,0.000004343311871315052
wS/stS-Stable-0x75b0,0x98925015551455e94710524c11c3678eb5424069,31808.871625518816,0.0009728713181957187
wS/stS-Stable-0x75b0,0x98b162652701f18621bf475f4a096c4479818845,1258.3573577098364,0.00003848674029588381
wS/stS-Stable-0x75b0,0x9950dd62617f6123551aa61de4a31a0dee02a4e9,438.36715830674825,0.000013407417910840198
wS/stS-Stable-0x75b0,0x9960c607e01a64d4c965ffeea8fdde6a6e2ae0f6,265.72174238626985,0.000008127074258780064
wS/stS-Stable-0x75b0,0x99cab220da9194de4f59e2f8155d48c54e8d4e07,7764.958731477175,0.00023749052546608032
wS/stS-Stable-0x75b0,0x99f06631425f01514e774bf3208909fdeb5305b3,988.3622262261237,0.000030228964837346092
wS/stS-Stable-0x75b0,0x9a1abc22708c1e1b662043ee396c027aea6a7144,24.3294508471986,7.441139439131548e-7
wS/stS-Stable-0x75b0,0x9a27deed74ea75235cc8234deedc806c8d3ee507,1088.6454494556133,0.0000332961176972394
wS/stS-Stable-0x75b0,0x9a74f61bcc62e151e2a49f72712916da11af1409,222.59326720158685,0.000006807993940601392
wS/stS-Stable-0x75b0,0x9aaed9fbf4dab79296190817b85645d3c9dcbe7c,4391.563995015286,0.00013431556777838684
wS/stS-Stable-0x75b0,0x9ac6bc865a396177abef29a78fd613d36c03fe29,0.018960704237024426,5.799113386403324e-10
wS/stS-Stable-0x75b0,0x9ad92f7f5ef6f4bff83c2e10298a927f0ad7952a,8588.763014778395,0.0002626865012449748
wS/stS-Stable-0x75b0,0x9c769e858fa32299bdd500143889b60fdd761c83,269220.7189605109,0.008234090125051377
wS/stS-Stable-0x75b0,0x9cc2611b694dcc926aeb7a741f69d78aa9b58326,591.0467154363308,0.000018077107667676166
wS/stS-Stable-0x75b0,0x9d04181afce69a1780b8035b904e5a4a2779ce78,109868.53731270088,0.003360318780936934
wS/stS-Stable-0x75b0,0x9d2dacf09e1312215f4d2dc55119a3a39693871f,1.3034239736707627,3.986509846566411e-8
wS/stS-Stable-0x75b0,0x9d532fe12ce5e69f048c77d129caf066c3309b06,8.107077847527385,2.479542061439168e-7
wS/stS-Stable-0x75b0,0x9e4ad3c4dc222aac04eecd7e71f41510883ac561,2845.708060515816,0.00008703571081135605
wS/stS-Stable-0x75b0,0x9ee7f3f2f0dfd73b05c04dfa0f0684c0ed034fe0,1792.5632477910333,0.000054825376717499864
wS/stS-Stable-0x75b0,0x9fc7e5c04202d7397e208ea820058d80477939fb,3.9948216699171475,1.2218124143866823e-7
wS/stS-Stable-0x75b0,0xa020322c958defb28d3f8c3374beb9b01a906800,5225.558820973704,0.00015982322033678977
wS/stS-Stable-0x75b0,0xa05ac74dd0ee97188f5f51d4a03e7f8b786bae5a,237.3924119051568,0.000007260624376079672
wS/stS-Stable-0x75b0,0xa08f5d8e362a20686f0edb9128f6b854e5d20748,1199.0679638972322,0.00003667337981606036
wS/stS-Stable-0x75b0,0xa0f80b73e5c3855c0567cc998668e2dce40dcc02,19694.110931371924,0.0006023425127449492
wS/stS-Stable-0x75b0,0xa14a265fa3cb4e2c1e53967b355eb57f85141dbe,0.027366513317088774,8.370022111648104e-10
wS/stS-Stable-0x75b0,0xa182dd254f6d72294d650c57d9b035660fb13a1e,84198.01682783925,0.0025751883494996262
wS/stS-Stable-0x75b0,0xa1a9e84b39eb700e062a09659029a75b9c96561e,3787.2341025928545,0.00011583219540391963
wS/stS-Stable-0x75b0,0xa21b23e5f07e5e28cb42d09502227eb75b0b64b5,39.20564667387416,0.0000011991009806750868
wS/stS-Stable-0x75b0,0xa2d30b5c2c84f8c0e47a0dfebb3eda04a6a2ca28,1119.2653563264605,0.00003423262464131385
wS/stS-Stable-0x75b0,0xa2e5450a2ffb007fd065b344ab8cb3fff9cc8fc3,10.79072085395185,3.3003317266507853e-7
wS/stS-Stable-0x75b0,0xa306739ba713ddffe693e4eaa28b808a8d391289,204.64517579654344,0.000006259053269272658
wS/stS-Stable-0x75b0,0xa375d02a6b3862d03cfe59f09fa742f3ff2d7e68,148.45678187671663,0.000004540536576708571
wS/stS-Stable-0x75b0,0xa380dace2095adc258d2be066e2a60a9dbacf7ad,13773.868144152388,0.0004212724492655432
wS/stS-Stable-0x75b0,0xa3ed9c58cbc9ccb0305e6d9885bbffe15dff45c2,195839.7916207591,0.005989741430387982
wS/stS-Stable-0x75b0,0xa552559fe2b34a3170e06e518a0c0571edc37a7b,150.32610297178618,0.0000045977095848964
wS/stS-Stable-0x75b0,0xa5d896accc301fcaa21f03592269310e7444aa40,4368196.695518825,0.1336008811421731
wS/stS-Stable-0x75b0,0xa66589142c46a20e747c68987a0cd46e5bc9ffc8,786916.6492123057,0.024067770993019218
wS/stS-Stable-0x75b0,0xa6a53341eaa1db95699e8d038ed6aa5b9768c7a6,22.10657565349985,6.761275171911414e-7
wS/stS-Stable-0x75b0,0xa773204b4e128590572f39e849244fcc8195862c,364.2236535920719,0.000011139745859576695
wS/stS-Stable-0x75b0,0xa7a7e108a88e137ff754306a9501e65c980a65e6,98188.99731321461,0.0030031011591051663
wS/stS-Stable-0x75b0,0xa7e83cb66882238f6054ac5fd0733a6b5f7a7d07,2680.7145262879794,0.00008198939923426665
wS/stS-Stable-0x75b0,0xa88f54b7754f8c5de32032bf621b91de208280f0,215.64281724891086,0.000006595415088791745
wS/stS-Stable-0x75b0,0xa8a86a59d1edadcc6e907bc6e5c72a18d99db6c3,3151838.0930917794,0.09639866878854327
wS/stS-Stable-0x75b0,0xa8c24c16ad11d008eba1695d37417b47ab461a98,516157.82181425195,0.015786637967459553
wS/stS-Stable-0x75b0,0xa953819c77bafb5262c7ae10d1e482f4b3d8d1e2,363.81018064130694,0.000011127099828639645
wS/stS-Stable-0x75b0,0xa95a96085c090ec5cd6cb5acb1b7077317e01773,2751.367955871491,0.00008415032766905008
wS/stS-Stable-0x75b0,0xa9a979fcb2d8caa59025a3fdd1bc8a1b591162b6,28958.729444732828,0.0008856999902369497
wS/stS-Stable-0x75b0,0xaa119df55b9aac2d6f108a95bed24944bc8c7c42,492.86073924068114,0.000015074098909164848
wS/stS-Stable-0x75b0,0xaa3163db743b6000d70439a0d410d24a8f9d172d,178.79721083271008,0.0000054684957152955705
wS/stS-Stable-0x75b0,0xaa560ad63cde52ac6249c493642cbd3dc7e0b7a2,11004.307918090673,0.00033656571274020614
wS/stS-Stable-0x75b0,0xaac2bc20cbf7267942e57bc8b58552ce7b5ff81b,8330.296998653865,0.00025478134268492903
wS/stS-Stable-0x75b0,0xab12253171a0d73df64b115cd43fe0a32feb9daa,23.24385110696121,7.109109789431437e-7
wS/stS-Stable-0x75b0,0xac86f57982301fee6d9597f2c008333ae38765e7,1014.6522266044971,0.00003103304200250259
wS/stS-Stable-0x75b0,0xacd327490eeb54cc7d1c9c28e3b5a39f0e472be3,26019.625358752564,0.0007958077708553575
wS/stS-Stable-0x75b0,0xad536c14ca62592466a867707a70c78cfbaae801,169.10683480279278,0.000005172116484588292
wS/stS-Stable-0x75b0,0xad7ed588f4856b1660e9d2c3590c261e0a3e4111,6.770293815357748,2.070687934568312e-7
wS/stS-Stable-0x75b0,0xae0f2b0fa49a2d80d46e9537f539fc9daac22c7d,1094.894932346148,0.00003348725753801509
wS/stS-Stable-0x75b0,0xae3e712b919b9ff2a6066dcc3fed0f34252b9d62,235.0503423980267,0.000007188992402599679
wS/stS-Stable-0x75b0,0xae8137046c6baa9f732f551287a9900ae46b7314,48.63766941981287,0.0000014875785007242982
wS/stS-Stable-0x75b0,0xaecbb4295038162ab6fd916815b1be7ccded7312,7409.867277483784,0.00022663008706406423
wS/stS-Stable-0x75b0,0xaf7ddd6bf6bce207ef2d544ff6142bcd800bfb20,11.568655471721023,3.5382622907931507e-7
wS/stS-Stable-0x75b0,0xafccdc2f3cda6b5488a41a037614899793a468a4,26.044306485806093,7.965626407826471e-7
wS/stS-Stable-0x75b0,0xafcf68a7e5919051b0bebda0ba9cbea1c7903b7b,171.35226041128286,0.000005240792613605382
wS/stS-Stable-0x75b0,0xafd7d35a4c58105bc054f38a46acca7319a3f202,613.7183252539281,0.000018770516701122357
wS/stS-Stable-0x75b0,0xb0707ee699c79950d57a1005ffe3649707fdd63d,17684.290743855356,0.000540872353155982
wS/stS-Stable-0x75b0,0xb0d2bd3144d05b96b50b50d23112b6c700fe7dbc,41115.172689137944,0.0012575036525293228
wS/stS-Stable-0x75b0,0xb0e1d29d1a22c285481d8452f3b6378af00bd7e1,145.03582100043593,0.000004435906813151251
wS/stS-Stable-0x75b0,0xb0e3f1c86bcb05fef30b5082da5e50e041dc154a,8658.094739290727,0.0002648070054556612
wS/stS-Stable-0x75b0,0xb0f38eb1f1306ea81028fdb4d8e92366b1cce170,638.5534790040442,0.00001953009752030128
wS/stS-Stable-0x75b0,0xb0fabe3bcac50f065dbf68c0b271118ddc005402,132167.7362519092,0.004042337663030565
wS/stS-Stable-0x75b0,0xb0fae6175f7e8719885fe0d02c473977c30446fa,31741.021157386444,0.000970796118070758
wS/stS-Stable-0x75b0,0xb1053a56b3b5ff12a0e03d57cfdef9b8281a3892,149.92687559493558,0.0000045854992534848045
wS/stS-Stable-0x75b0,0xb1561cacdff8d0077e1fb4c011a93267916a9a65,3119.5803084872723,0.00009541206750951256
wS/stS-Stable-0x75b0,0xb1d2c9c7766e40df7bb5e74bba15d91560e232d8,431.3795045350297,0.00001319370118375789
wS/stS-Stable-0x75b0,0xb208420c52fa932433956a5503a464df49242c0d,254.4146454572015,0.000007781247772891001
wS/stS-Stable-0x75b0,0xb2086b21c9069fb0ab38d2a2cf79938531cf3e89,54621.40892415789,0.0016705906052675377
wS/stS-Stable-0x75b0,0xb29b870982bfd2963f4b3303294f906a223b6825,12.529181730699625,3.83203833501612e-7
wS/stS-Stable-0x75b0,0xb2ae7773e14d857d1202cfc2a6a5a2a3de1525f5,11296.64622746427,0.0003455068521728678
wS/stS-Stable-0x75b0,0xb3d53c6e5b875a72e9307b824446cfebff4082a2,190.7876451876723,0.000005835222011468017
wS/stS-Stable-0x75b0,0xb3e1b74963301d2ebd72eceae539007c3aff3424,6270.030402313509,0.00019176828447231925
wS/stS-Stable-0x75b0,0xb40ed15cc268114968d0ecc32a7f4bb14fb3d454,149.89875177919276,0.00000458463908925086
wS/stS-Stable-0x75b0,0xb434b0c931d4729d91d423a0103ebd6ab439c846,1067.3992339266617,0.00003264630421276047
wS/stS-Stable-0x75b0,0xb4773a58bfa5eb5f1029334d5dbde2f12cd35d42,27427.09200395959,0.0008388550045503922
wS/stS-Stable-0x75b0,0xb4b60d66f636efb9e5d029eecd757e936f7390e7,429.1154055896796,0.0000131244539325061
wS/stS-Stable-0x75b0,0xb5e6b895734409df411a052195eb4ee7e40d8696,1492.5998941605799,0.00004565102603029255
wS/stS-Stable-0x75b0,0xb6398fad2f8d238afd3a522a8ceafd400e71ef62,29544.47743695188,0.0009036150369581755
wS/stS-Stable-0x75b0,0xb65688e246b11c768a1620f47b327ed08b8b2b4f,12548.409113012252,0.0003837919011638717
wS/stS-Stable-0x75b0,0xb67a6a3b67dedd85f773056be02aac638e86964a,145.90390649935424,0.000004462457125704988
wS/stS-Stable-0x75b0,0xb7183551ddd8d6f466d95e08efb149e69b0e7de2,232.63451125481484,0.0000071151044364843
wS/stS-Stable-0x75b0,0xb7300fbee0a8e4f96550e829e3d07b85b77d3fb3,26295.385812565157,0.000804241878149867
wS/stS-Stable-0x75b0,0xb7542735bcad39f7294f981ed0adfe887ca18225,560.6072369485981,0.000017146119108566358
wS/stS-Stable-0x75b0,0xb80b746e7c2aaf793b9d0032010ed099a6623fd6,203.00148825234936,0.000006208781241812901
wS/stS-Stable-0x75b0,0xb85eedeba4e86137cadadba16a0d62e99732c072,199.82047358108525,0.000006111490210151473
wS/stS-Stable-0x75b0,0xb8d1b670aeedbb6f0805b86d0fa9d1348419c29b,347.613089920777,0.000010631713346977215
wS/stS-Stable-0x75b0,0xb9835d4803e35d25b330b48e2a34c749be2268a6,233.5036411919244,0.00000714168669308094
wS/stS-Stable-0x75b0,0xb9f62d73f3453763081898f67309cf9b31bd0694,180.20455197102046,0.00000551153911037409
wS/stS-Stable-0x75b0,0xba397faae1d5fe10c0356f2e585bef34577ab111,0.739448042587357,2.26159481668653e-8
wS/stS-Stable-0x75b0,0xba4a0773e9935ca8e15bb52531d1514a8ab925aa,30.842152419856983,9.433043030871781e-7
wS/stS-Stable-0x75b0,0xbabcfed5146b3e63c43c5ae1623d3a47cf919c4f,304.68840106648076,0.000009318865814362511
wS/stS-Stable-0x75b0,0xbb0c1e9297b0d851402475dc6689ae5ffcb9bbd9,9679.147272662492,0.0002960358002328876
wS/stS-Stable-0x75b0,0xbb18ed77983c6ca915f6f0fe39963e185bf1064f,1313.1711263099667,0.00004016321420357509
wS/stS-Stable-0x75b0,0xbb1a1df638140bf6a6e65308eb64f9e99cac76d7,2621.2632879873704,0.00008017108875614581
wS/stS-Stable-0x75b0,0xbb2412c4af7e9f931bace78ff7957a640916acb4,166.23952525754586,0.000005084420094417645
wS/stS-Stable-0x75b0,0xbc37255c44917127473ee7776425762e40e2bf27,375.0146923048856,0.00001146978875392488
wS/stS-Stable-0x75b0,0xbc622c6bcc9200c68d525adf5c8b1b9c3d1c6de3,134.9059849083372,0.000004126086738171904
wS/stS-Stable-0x75b0,0xbc85b7c497bfca12886efa8557be0232a767d384,834838.0259735256,0.02553344175079736
wS/stS-Stable-0x75b0,0xbcc8cb0a825c61355a460da85159f1b43d5d49ab,6379.20122050516,0.0001951072635801921
wS/stS-Stable-0x75b0,0xbcc91928e56399edd12c496147fd2606ec513642,142.4875770156579,0.000004357969012850078
wS/stS-Stable-0x75b0,0xbd1bff03034ac340235e48ee35c85b1121b8198e,5518.452198003653,0.0001687813364610135
wS/stS-Stable-0x75b0,0xbdf36b5870d9551928995c4be9f74228a1be80e7,70.29553550846187,0.0000021499822784825306
wS/stS-Stable-0x75b0,0xbdf81b19af7848f7384c38e68208885ff0c9f390,22025.23270218577,0.000673639650749272
wS/stS-Stable-0x75b0,0xbe1d7136dc7da1a6c01fb8a8732c0a8095380494,845.997686704758,0.00002587475891457569
wS/stS-Stable-0x75b0,0xbec2027dd208e21e8d25821506562aa658c0ebd0,6429.616885522807,0.00019664922190744326
wS/stS-Stable-0x75b0,0xbeff46f500c3dd2a6301b9d869fc49b47302327c,950.6416759963735,0.000029075285390394434
wS/stS-Stable-0x75b0,0xbf21ba013a41b443b7b21eaabbb647cec360fa68,546137.0944938529,0.016703551175627357
wS/stS-Stable-0x75b0,0xbffc429c38d2d597847608b2a5f3b2e090a12668,5204.5039322447155,0.0001591792585643199
wS/stS-Stable-0x75b0,0xc025c6ce25a1803f4512cd67ac30913cd363e0c7,4366.087390981783,0.00013353636826320063
wS/stS-Stable-0x75b0,0xc16e60bf10f6cc11adacf22b9d537f91fdd69bdb,1167.6232659607372,0.000035711646715562644
wS/stS-Stable-0x75b0,0xc227f7251119e6a5395086a6c908dd76986e81cb,2302.1325192832314,0.00007041050449898749
wS/stS-Stable-0x75b0,0xc2f8f4597237270c859ca80901af796a521ba7e6,50.83043787113329,0.0000015546441155895122
wS/stS-Stable-0x75b0,0xc41ac49915a7475ef55ba04e19a2c5d25709591a,242.79377530055226,0.0000074258245626313
wS/stS-Stable-0x75b0,0xc42fe21ff1db9ad1a8df0051eec07d9f1331b25c,36019.318624416934,0.0011016474398461644
wS/stS-Stable-0x75b0,0xc43bae6f4b9e7e7c8e5c61c24405c7066c50bea2,256.81344862581284,0.000007854614940020147
wS/stS-Stable-0x75b0,0xc4694b7cfb2d40a9030ec45ee08e91bf6bfe2642,522.2862196007468,0.00001597407443182605
wS/stS-Stable-0x75b0,0xc46b19ffa9caa62f7931f8fceb273090614aa67d,600.5470693211811,0.00001836767508912048
wS/stS-Stable-0x75b0,0xc49db844fd8dca009787f26edbea50d8f8b983cb,478.62355684242107,0.000014638656037432292
wS/stS-Stable-0x75b0,0xc52d313ae152445c889c498b3b18d18a5a072ea9,4913.12761367965,0.00015026754152918954
wS/stS-Stable-0x75b0,0xc5cbd33ad0d517eecc947c1cc3c593e9b3cf2287,28132.75022891664,0.0008604374943536097
wS/stS-Stable-0x75b0,0xc5d45215944f087beb996ead9537269bc2595b36,1266.4578065381384,0.000038734491754104185
wS/stS-Stable-0x75b0,0xc5ef0d175e5ef106aae0830849eb368d83d1ab46,715.0411304336313,0.0000218694650762475
wS/stS-Stable-0x75b0,0xc677e71b02adc94534de993a907352f748d21143,13377.280481797925,0.00040914285327115364
wS/stS-Stable-0x75b0,0xc6eb0bdc91b93f572f44018551780ae7665b647e,177341.48123675844,0.005423972363834911
wS/stS-Stable-0x75b0,0xc767094b8405a4029f5b3ef36446f7d316ea9abc,212.37302990991117,0.000006495408953517199
wS/stS-Stable-0x75b0,0xc7b77336ebf08a7938b1eb2ede0f392a2568e45a,78254.53555895582,0.002393407539265183
wS/stS-Stable-0x75b0,0xc81ed0d62572d1d227f1fa038959563d1ac4ff69,227.87300787108947,0.0000069694743076305
wS/stS-Stable-0x75b0,0xc8cfbb829640efc451a87f4872f2a7bb2518c42c,1011.765491200331,0.00003094475147428152
wS/stS-Stable-0x75b0,0xc8d78c68ad5a1183e7c9c60245755ebf820ee14a,151.83213758665858,0.000004643771510583944
wS/stS-Stable-0x75b0,0xc8d9b774f920382e9b69900c9506e7126d3ee899,35.761091970332885,0.0000010937496021513978
wS/stS-Stable-0x75b0,0xc9b7411fd802bdfa055cfd469d1aecac2ac64394,58.780514803319,0.0000017977964636460188
wS/stS-Stable-0x75b0,0xc9c17b24a3e97783c018ee20259502341ce09732,2151.4428581152474,0.00006580167552118274
wS/stS-Stable-0x75b0,0xca9a981ac604dbbabc95c933a9a1901d1788f104,2864.2185884370647,0.0000876018535501257
wS/stS-Stable-0x75b0,0xcb555995227f34d38704ac5566482e4f7954a3e3,767.4937887719374,0.000023473724650784518
wS/stS-Stable-0x75b0,0xcb6586874cc04b01cc4fdb777de502cea7b3d6c1,2021.4082452746652,0.00006182457923513289
wS/stS-Stable-0x75b0,0xcb968b168556d1b0c1fbc99d5fb88042ea81dca9,5671.507526631966,0.00017346251915345602
wS/stS-Stable-0x75b0,0xcc378e096db2eb4d3d803986d4893a7572f0e411,128.2396472980031,0.000003922197435374365
wS/stS-Stable-0x75b0,0xcc3b44dbd9a4e30bffc1120deb2f9ce1a0abec77,216.64839675989657,0.000006626170642648563
wS/stS-Stable-0x75b0,0xcc7cf14f0f7c345873d57cd939fc93796b455b4d,5259.679462324828,0.0001608667969125247
wS/stS-Stable-0x75b0,0xcd263ee07100f93923937a74388b7f8b25794653,4492.152591365752,0.00013739206044618795
wS/stS-Stable-0x75b0,0xcf3939281e2b68538909a7627643efa3c5dd89e7,2706.534687874711,0.0000827791064245952
wS/stS-Stable-0x75b0,0xcf4bba88e5103bd0cd7720ec1c04efba15eff002,16.324734866169113,4.992904657361142e-7
wS/stS-Stable-0x75b0,0xcfce103dd318fea578cd554aa658f8bedc63b3a1,3672.9154961468334,0.00011233577168110473
wS/stS-Stable-0x75b0,0xcfda6d2957062957e09a4c7909204ab0e3987f96,8420.058134815405,0.00025752667851099354
wS/stS-Stable-0x75b0,0xd00eead7c77b3481c076b0daa6404561d69fe308,246.1822344459967,0.000007529460263837256
wS/stS-Stable-0x75b0,0xd0ac2a29db9d2b139c07991f0a1b4f5c50b08286,5691.520479340879,0.00017407461341169085
wS/stS-Stable-0x75b0,0xd1b3d11dd52c298d865b217d0a1bfd7b16f9ad26,9219.320719412519,0.0002819720487654258
wS/stS-Stable-0x75b0,0xd1f4cf428835a775916dd767e11553b5649eaf87,3364.7750235266203,0.00010291132458606921
wS/stS-Stable-0x75b0,0xd27fd833a15cf34b871a627c253b5b10164f3fdb,8091.257600781463,0.00024747034539943384
wS/stS-Stable-0x75b0,0xd2c637eb039c944a7a3d8c58512008374d22eae7,2.458877288780862,7.520452839008039e-8
wS/stS-Stable-0x75b0,0xd2d281a66855977a337ca1bb9bf0ac07249538c7,54320.8693781133,0.0016613986317900572
wS/stS-Stable-0x75b0,0xd31f6bcad59e7f4d6f00bcc9c786981d7b10abfb,5256.313426919011,0.00016076384703926598
wS/stS-Stable-0x75b0,0xd48372cf9fe1908d3d640a7d48f17e0b2783e587,520.5023165416618,0.00001591951392615778
wS/stS-Stable-0x75b0,0xd5251f5e442c403310435fb5ceb0a5500d8d36e3,7985.103590292113,0.0002442236350686692
wS/stS-Stable-0x75b0,0xd588a467c361c3f7b3a85b100fe550c61ed0b5d0,3.9624333857380787,1.211906488425414e-7
wS/stS-Stable-0x75b0,0xd63143fa4e94ee99d5de436130b207b6544bb216,4.272280638681732,1.3066729765169882e-7
wS/stS-Stable-0x75b0,0xd6cc4fda4dfb82352678002f8769d250345a9617,229.76067772970944,0.000007027208511009178
wS/stS-Stable-0x75b0,0xd7123df9b92f7dc8542fb8231d29ee052a8807d9,1090.3908867934913,0.00003334950173247714
wS/stS-Stable-0x75b0,0xd7293ca0a8e563f76993e43a22855a9ed7b8d150,62.67451331934406,0.0000019168940384967484
wS/stS-Stable-0x75b0,0xd76ef4503b5ee13c9450e200bab900229366c3cd,8667.154221819605,0.00026508408886854686
wS/stS-Stable-0x75b0,0xd7a76d1c00651d76e6f63e05da83d16399dcf89c,133.426285905556,0.000004080830284679421
wS/stS-Stable-0x75b0,0xd7c16e19d7f014bab642ecd52b39a9230e177a78,575.6262461776249,0.000017605474079678087
wS/stS-Stable-0x75b0,0xd7d51d7600f3370a3a92869d16b2013697ac907e,185.80390071437517,0.000005682794659992983
wS/stS-Stable-0x75b0,0xd84cdf1229fcd789785c1c3af1d087729275525b,0.44636412424122884,1.365200435457946e-8
wS/stS-Stable-0x75b0,0xd8bc75bfbdda718e04c800190be28da8acf922d4,80.62411555672985,0.0000024658809184892107
wS/stS-Stable-0x75b0,0xd935a63d629cac4cfc8f632a2f4aab3ca8d99e38,300.95228627866607,0.000009204597098346953
wS/stS-Stable-0x75b0,0xd9a0a16e5a634bf5a02962b667f17c65bae14086,5.610488549935157,1.7159625954535495e-7
wS/stS-Stable-0x75b0,0xd9e7a8ac8ae3577424c4232f774b3a372989f9af,158.8908015450974,0.0000048596600774841845
wS/stS-Stable-0x75b0,0xdab9dbfca2008886a5b24aafd9e73714d10d343e,64.56769199472069,0.0000019747967285128278
wS/stS-Stable-0x75b0,0xdb5a8796c994d435c4e181c1a6b74b606382d22b,1871.8977344173238,0.00005725181445761071
wS/stS-Stable-0x75b0,0xdb6adb08cd839521ce471845d099b26e2d006894,88688.80693186662,0.002712538738399947
wS/stS-Stable-0x75b0,0xdbd01f6e39ccc30223cf98742714e4af5fa4a3ad,2963.728208276597,0.00009064534582379611
wS/stS-Stable-0x75b0,0xdbf47b0e9db63702d2e696de19ef954f411b513c,1134.8977727747776,0.00003471074061398035
wS/stS-Stable-0x75b0,0xdc11fb45c756e4378190150ca13d303a49cdf269,163.60534308772594,0.000005003853882887387
wS/stS-Stable-0x75b0,0xdc46bb979bf5102d78ece8e9a91dbaec932e756a,779420.2942395824,0.023838495688008856
wS/stS-Stable-0x75b0,0xdd66522e580d95517205f1f74791a7132e2873df,0.07396092024731088,2.2620877226667784e-9
wS/stS-Stable-0x75b0,0xddc60d163015cf5ca1369d557a2ca1cc2de1f1e3,34532.94021408094,0.0010561866973078742
wS/stS-Stable-0x75b0,0xde9aaa7836ce7e79a913de353552170a8fba452f,250.09108238324538,0.000007649012006826056
wS/stS-Stable-0x75b0,0xdec6d3743f3de26081d43431a8db02f9e19d03c1,35254.5044488173,0.0010782556709098073
wS/stS-Stable-0x75b0,0xdf6d3e744aaef3eb695f47244523929c331c0dfc,4792.755093757856,0.00014658595943757878
wS/stS-Stable-0x75b0,0xe00e509c1968b4d586102a79fabe9dcefefb07f9,5356.3745156093755,0.00016382420593537332
wS/stS-Stable-0x75b0,0xe01ed95b71837c1df66e3f29aa46869b5800974b,7407.716040767073,0.00022656429169335828
wS/stS-Stable-0x75b0,0xe0679160dda2874d2b219871f3d106e6841be783,163.21655830375371,0.000004991962937187382
wS/stS-Stable-0x75b0,0xe06d67e2cd5c51cbe0ec603a1e314039875e0ab2,609.156509753557,0.00001863099400721921
wS/stS-Stable-0x75b0,0xe0a2ddd4840d43fbddc1a8ef74c6cef50279b4bc,615.9755874381641,0.000018839554850684668
wS/stS-Stable-0x75b0,0xe1f9402fddf1be9561526a5b1ee42c55a8bf4356,158.88034551231945,0.000004859340280714543
wS/stS-Stable-0x75b0,0xe1fb6bea15d8f6ed62e4962131fd8f6ba0d5cd5a,782.313852534114,0.000023926994893683873
wS/stS-Stable-0x75b0,0xe244f92f4ae9effd2d1d434edaa43f1af1c35496,4.325722303278523,1.3230180588873868e-7
wS/stS-Stable-0x75b0,0xe32be4dc4d503a4beb9cd41f5440fe75ff7fcf22,34.28048038707871,0.0000010484652374718052
wS/stS-Stable-0x75b0,0xe3be9912466dc21a13a09b3e419cf415af03e109,10.723051299742844,3.279635057752849e-7
wS/stS-Stable-0x75b0,0xe44fc78b68558ba406e22a4059a22b7ebfd62da0,37742.22808391277,0.0011543424620627611
wS/stS-Stable-0x75b0,0xe4e8a2b0f6bedf974c587f972dfee91547e9181a,6841.10726309636,0.00020923461603169355
wS/stS-Stable-0x75b0,0xe53f4d44c45dbc16a20ab64f8a8b4404ddbbefec,1035.0212490946199,0.00003165602662118445
wS/stS-Stable-0x75b0,0xe55ac567304a182e3a2c5d1253c38d3d465ad3c7,159.78439994620607,0.000004886990699728789
wS/stS-Stable-0x75b0,0xe5845761e7773976055f2559ca54be41f09d9e88,5598.251260336851,0.00017122198320500544
wS/stS-Stable-0x75b0,0xe59ee782447b2428648c8cd1a5179a2364c9e420,323.6228627483811,0.000009897974526946286
wS/stS-Stable-0x75b0,0xe5f273784654119d7f3160bf2c5e06ad3879393f,225.70541860996823,0.000006903178795906591
wS/stS-Stable-0x75b0,0xe61bacfe4189b95f6f987ce19ca3c30073ad3e0a,171.352445156113,0.000005240798264008469
wS/stS-Stable-0x75b0,0xe629d73b655d5c5307a2b1d7439fa6c5b48b710f,119.13506727820734,0.0000036437347200113012
wS/stS-Stable-0x75b0,0xe660816b689517cdb5f1e3848a833cf099eac2de,5.523290244190706,1.6892930764423877e-7
wS/stS-Stable-0x75b0,0xe6c36d23ede3763962ce03b534b4641be4cb3230,630.3730500005988,0.000019279899876018806
wS/stS-Stable-0x75b0,0xe729e82c62ba98ee226dbf680803cfb4189dbe30,67.09345757226426,0.0000020520470288632133
wS/stS-Stable-0x75b0,0xe77a54ad04c4645c19ba6287566fbde7f8ca7636,1618.6369717125392,0.00004950585807913329
wS/stS-Stable-0x75b0,0xe7d0464315faa9ffb8f2395f86e5ae02fbc146e6,893.5293499358403,0.000027328510321040542
wS/stS-Stable-0x75b0,0xe80c7acdc576570b04e3b53efa323a80fd68fdfe,14.277638163005307,4.366802074557373e-7
wS/stS-Stable-0x75b0,0xe868b8c09fd2c8c3f74d54f34f7325ab1c94c71f,60.21984694445897,0.000001841818300508315
wS/stS-Stable-0x75b0,0xe89d81a820cdf339934b8db77129078017bb1a26,0.021621688400253802,6.612972865939852e-10
wS/stS-Stable-0x75b0,0xe9b3fc4a269285ab31f6477ecc19736a1efa5b0f,721.2329974498851,0.000022058842740979334
wS/stS-Stable-0x75b0,0xe9f3cb25642616866f27a954115114c16e9451a3,4.821743283511003,1.474725604685511e-7
wS/stS-Stable-0x75b0,0xecb2b696491a22fb8a7e7089e1b1e82719a8e2a4,229.68279704381163,0.000007024826537626299
wS/stS-Stable-0x75b0,0xed5456c84812168584e45a83e8571a5a15485829,2.634640676705636,8.058023491981906e-8
wS/stS-Stable-0x75b0,0xed7265bcf76368bd9ab3d959aa6493177e43a220,107.39940784333378,0.0000032848006905771382
wS/stS-Stable-0x75b0,0xef06824683543b127c79712f2d8f68477c6f0cb2,1104.389815989477,0.00003377765765264191
wS/stS-Stable-0x75b0,0xef4d60032be235d2650ca729cc262c618d5bb277,6.624941300310288,2.0262320058632403e-7
wS/stS-Stable-0x75b0,0xefe9afe1bdbc789aca2d63a7816e9a031931f1cc,240.32504809869997,0.000007350318775585247
wS/stS-Stable-0x75b0,0xf02b93505ee2c2b87859636b55565bedc443456d,659.2000065499917,0.000020161569604764525
wS/stS-Stable-0x75b0,0xf0a5e6a8883bf58c6946cbc43e2efd0cec997ce4,231.1636750078208,0.000007070119049535988
wS/stS-Stable-0x75b0,0xf0fba98ab360ffe9a8c4b3ab77c7d243f4560481,1034.0836721630217,0.00003162735091976088
wS/stS-Stable-0x75b0,0xf13046ab6037de1c3ab17846baa03ec895d8b6ba,508.7455561697709,0.00001555993452656862
wS/stS-Stable-0x75b0,0xf15fd4731777e79440c6c678da06fd50f2477259,125236.70644033655,0.003830352774392488
wS/stS-Stable-0x75b0,0xf1ae6201f681d8539ae07b74210b81187374b0be,61997.83212860417,0.0018961978085334941
wS/stS-Stable-0x75b0,0xf1c925cd1e1c9771ab47d0d962343ada1a3f730e,1200.4398548267386,0.00003671533896986885
wS/stS-Stable-0x75b0,0xf2e4a05cbae83fb3173becee7a31686e8a6ae3ce,445.6281143074055,0.00001362949356064267
wS/stS-Stable-0x75b0,0xf30d986388423f38961d3ad6882a5a64954fd89d,10.723202835534893,3.2796814048309536e-7
wS/stS-Stable-0x75b0,0xf33971ce19b7b1f69e5742ab28a6282fab0b551c,50714.667764781865,0.0015511032978799205
wS/stS-Stable-0x75b0,0xf375dc67aa324dbaddc385d4cd152637c06c8107,1674.7281556740002,0.00005122140161435151
wS/stS-Stable-0x75b0,0xf3d11ab72fcf0175a4b3bb66e9884fd093b717e5,594.5480496471756,0.00001818419564203913
wS/stS-Stable-0x75b0,0xf4054880b73019f099d662a945ba595368de37c2,2283.3493666572676,0.00006983602355951171
wS/stS-Stable-0x75b0,0xf46ccc8c1055b5ebc65d7d3d5c3c95f61131030a,38.87107978779684,0.000001188868284233835
wS/stS-Stable-0x75b0,0xf4719541b568a4bfb89eec687c67801b2c4fb8ed,275.3463482856431,0.000008421441916289979
wS/stS-Stable-0x75b0,0xf4b01dc79183c4db6fecf773cefdcba3464a0e9e,8103.218319770473,0.0002478361628539603
wS/stS-Stable-0x75b0,0xf5373c37e31b7f9eb75a02b2a991da48922988f8,138.59227837541656,0.00000423883167382365
wS/stS-Stable-0x75b0,0xf54eeeb761f18da84a0c8162484ed32b7d490716,23008.889936581203,0.0007037247138582477
wS/stS-Stable-0x75b0,0xf58e3439731e06e89251f1641a2f02b4a58bc4d1,2190.2174883292887,0.00006698759390436181
wS/stS-Stable-0x75b0,0xf59869812096f1f8abdffcecf067eb140b4ffc3c,6.934922292863628,2.121039398087442e-7
wS/stS-Stable-0x75b0,0xf5ef3b6587ef584e5a19702aaf77566e47a01c27,10564.621544738262,0.00032311794676246285
wS/stS-Stable-0x75b0,0xf6178f40ebcd4e8f60723936f8983aea12524dc0,692.0907655192493,0.000021167530344635862
wS/stS-Stable-0x75b0,0xf6503b1466bb4861725cc0d6e0bc8835a80e721d,28.239272351314906,8.636954633521537e-7
wS/stS-Stable-0x75b0,0xf6a61046ffe93f2d52a3fde7c84802ed03ff7af4,157.95201283112416,0.000004830947313811748
wS/stS-Stable-0x75b0,0xf772a45ecd9c1d5c84397974d8cd641e295519a4,0.3427296552232248,1.0482353960468237e-8
wS/stS-Stable-0x75b0,0xf7d98533fca53f40d4dc794d26c019d17d21cb8a,8671.824705132809,0.00026522693515718674
wS/stS-Stable-0x75b0,0xf7e744527cc82e24c3badc2082d0391413b321e5,1.0026875586874042,3.066710377038568e-8
wS/stS-Stable-0x75b0,0xf8e8a15f8f9f5014820c6c11f8dd3b03648ccede,167.2730718754625,0.000005116031019584277
wS/stS-Stable-0x75b0,0xf903672ba62039591812141eecb4cfd9416cfc83,407906.73314662254,0.012475788699744276
wS/stS-Stable-0x75b0,0xf9250b34603bfc6ead734e76028003bd55e86400,137963.3124559606,0.004219594810901723
wS/stS-Stable-0x75b0,0xf925cc2cbea0b2b30aef6c29ec0c77d7cb6fcb6f,331.2567308223108,0.000010131455657099232
wS/stS-Stable-0x75b0,0xfa7665f547d5fbea1957681c32763955a0126294,17573.373595052657,0.0005374799626921964
wS/stS-Stable-0x75b0,0xfb17d5cd85854b6bee89e714591de521f3169de5,50403.81476633207,0.00154159588843996
wS/stS-Stable-0x75b0,0xfb4b9676ba53e082e8cfb412ae48dfd2577294e9,8170.79594497575,0.00024990301810390417
wS/stS-Stable-0x75b0,0xfb8976c763e8b91283b1aff358b879cdf845b678,127.13849037756569,0.000003888518655525197
wS/stS-Stable-0x75b0,0xfb92b59a9e6db38f91a354410990ed5f64d21f29,121.37827772981667,0.0000037123430986655374
wS/stS-Stable-0x75b0,0xfbd030a8b9f68f4c1cb07b8db62158cbb148151f,149.09556235971374,0.0000045600736171244445
wS/stS-Stable-0x75b0,0xfbe75007345a5dd8a92a6fdae62e9a7da2ddac01,9575.214241048101,0.00029285701833011644
wS/stS-Stable-0x75b0,0xfc2d159282033cc18cd0d555b71f461561dbd2c6,185.52612258752043,0.000005674298842360071
wS/stS-Stable-0x75b0,0xfc4b2a62a06cb2e1c6a743e9ae327bb16977e4c1,0.7536311776160335,2.3049738004931314e-8
wS/stS-Stable-0x75b0,0xfd037cdc23e380a87dd549e7868a64c1dbcfb6af,13819.723883140263,0.0004226749426881701
wS/stS-Stable-0x75b0,0xfe2575c6402e56fa977651ea30bbfa0d3b4ae578,3613.2434440495213,0.00011051070763397951
wS/stS-Stable-0x75b0,0xfe2fb8587760c8d5960cb7a5ba2f2299edf10506,4878.898992431502,0.00014922066239855754
wS/stS-Stable-0x75b0,0xff33531206857f4a0a1b1ac9b4040f6fd440c209,453.25805605965894,0.000013862854604619981
wS/stS-Stable-0x75b0,0x04a4847ab1b32ded05c2056b1cddab9a84f851d7,71235.30143254086,0.002178724930033259
wS/stS-Stable-0x75b0,0x44c92b2e0c44a58d194c05e3bf9bf6b6602b5e82,192561.53386495082,0.00588947622821967
wS/stS-Stable-0x75b0,0x4f976ee680f228bbbef921bff944f38ec28b93ad,68894.49391912708,0.002107131554511245
wS/stS-Stable-0x75b0,0x708ad8be675b930abfcea373e0e1aef7fae0f251,387315.8123789683,0.011846017343314884
wS/stS-Stable-0x75b0,0xb628bc2556d782875ba27587da7103afab2a97a4,68839.35160811918,0.0021054450321652094
wS/stS-Stable-0x75b0,0xbb63205349e05c27607734ee67b29ebd37b727de,140123.73116001682,0.0042856710118186914
wS/stS-Stable-0x75b0,0x4d9a5356959ceb9e3bc4324a8344fc5f7d30d8db,110803.12306093436,0.003388902997301321
wS/USDC-ECLP-0x3849,0x228B5468Ec8029625ebC934c6bCAD7fd1AC55710,71018.09187596106,0.011422883226059444
wS/USDC-ECLP-0x3849,0xaC207c599e4A07F9A8cc5E9cf49B02E20AB7ba69,734778.5272985563,0.11818522706871525
wS/USDC-ECLP-0x3849,0x5B3067C5e26fEC823d6fBf8F315e43632658D2F6,230317.50044194623,0.037045347783510034
wS/USDC-ECLP-0x3849,0xa9eAEF87c01B4C46a691862c7Ba94401394B8B9c,2293.474162085193,0.00036889314882242684
wS/USDC-ECLP-0x3849,0x8ff70479AdAD2124316E8688FF5B4B8f0A3d0F31,167705.282841679,0.026974504829553273
wS/USDC-ECLP-0x3849,0x5A7eb79bC9DBB7C1f8aDa3d73302187957a1940a,238.1253323642803,0.00003830119611654178
wS/USDC-ECLP-0x3849,0x28aa4F9ffe21365473B64C161b566C3CdeAD0108,3946768.825167948,0.6348168222949061
wS/USDC-ECLP-0x3849,0x74e08BC79D981FDBAFD7677e6D67057B1DfD460D,1299.55212488533,0.00020902606331172504
wS/USDC-ECLP-0x3849,0x3e6EdBa22D9cE22a7168406d26598AE20FE08e41,22984.711854796387,0.0036969689351909283
wS/USDC-ECLP-0x3849,0x04a4847ab1b32ded05c2056b1cddab9a84f851d7,71235.30143254086,0.01145782023062905
wS/USDC-ECLP-0x3849,0x44c92b2e0c44a58d194c05e3bf9bf6b6602b5e82,192561.53386495082,0.030972500908810957
wS/USDC-ECLP-0x3849,0x4f976ee680f228bbbef921bff944f38ec28b93ad,68894.49391912708,0.011081313763416306
wS/USDC-ECLP-0x3849,0x708ad8be675b930abfcea373e0e1aef7fae0f251,387315.8123789683,0.062297693158788935
wS/USDC-ECLP-0x3849,0xb628bc2556d782875ba27587da7103afab2a97a4,68839.35160811918,0.01107244441529923
wS/USDC-ECLP-0x3849,0xbb63205349e05c27607734ee67b29ebd37b727de,140123.73116001682,0.022538158600997452
wS/USDC-ECLP-0x3849,0x4d9a5356959ceb9e3bc4324a8344fc5f7d30d8db,110803.12306093436,0.017822094375872292
USDC/stS-Weighted-0x713f,0x5Be66f4095f89BD18aBE4aE9d2acD5021EC433Bc,43248.234474761164,0.0018510516293999899
USDC/stS-Weighted-0x713f,0x4B9919603170c77936D8ec2C08b604844E861699,18750.86577773913,0.0008025488455673243
USDC/stS-Weighted-0x713f,0x43C4fF14DAe2Fbb389Dd94498C3D610A0c69a89d,253497.22664042556,0.010849840695693037
USDC/stS-Weighted-0x713f,0x64A7BDF23676fe095180d9331e704f095a5dFFAe,124254.64437618935,0.005318176908869799
USDC/stS-Weighted-0x713f,0xaC207c599e4A07F9A8cc5E9cf49B02E20AB7ba69,367389.26364927815,0.015724491493379383
USDC/stS-Weighted-0x713f,0x0152667429aDfd3eCd2dd6C3d3cfc1e669E67309,251777.9210338926,0.010776253334658297
USDC/stS-Weighted-0x713f,0xC2640aEae697b174C895455aB6aD6905166d732D,7438.105315271198,0.00031835558446938227
USDC/stS-Weighted-0x713f,0x6Cb7ea06E9A9a4839646702cB8C9d7155c7C3A41,108393.30774090742,0.004639301727494836
USDC/stS-Weighted-0x713f,0x3214e141bdAe08Be1f382A885cf3d2a448A5E780,49810.641455546014,0.0021319267745265875
USDC/stS-Weighted-0x713f,0xE7377048eDeec220187b3f3B3dCB8B621fE26EfB,7718.6126217610745,0.00033036147356618924
USDC/stS-Weighted-0x713f,0x015122A625b45f68E6D795C0Ab99fC7107e4c3B9,78.53715635697483,0.000003361439675135383
USDC/stS-Weighted-0x713f,0xC73a0Ba657374dE66FeB4268F3D2ea5F4FbD5350,5573.0921098656845,0.00023853184658401187
USDC/stS-Weighted-0x713f,0xa3b926f6d2bB5507fE711847640bA2086CB11A75,12496.364067456661,0.0005348522396247225
USDC/stS-Weighted-0x713f,0xc6CBfb7E769A6Fa932eEe71504022C00F7AbE343,145120.71233352876,0.00621125773773333
USDC/stS-Weighted-0x713f,0xCF6d2f6E2839ac50f49a76c1DA88f82F62d29B74,323635.21923691645,0.01385179088060393
USDC/stS-Weighted-0x713f,0x7abbA9ac62761EC1F5D54a7823de7ee2D1fb0F09,9392.099729776864,0.0004019877740543692
USDC/stS-Weighted-0x713f,0xf7174d52e402D88696d3703a11eE5D0594a2Dd84,48505.688310520156,0.002076073959383338
USDC/stS-Weighted-0x713f,0xbE026AE67432eFa9aD85b897A70e0BaB0Dcb1CEA,51282.1044380695,0.0021949063154137745
USDC/stS-Weighted-0x713f,0x28aa4F9ffe21365473B64C161b566C3CdeAD0108,276532.0465516784,0.01183574547186472
USDC/stS-Weighted-0x713f,0x74e08BC79D981FDBAFD7677e6D67057B1DfD460D,1299.55212488533,0.00005562164808514981
USDC/stS-Weighted-0x713f,0x3e6EdBa22D9cE22a7168406d26598AE20FE08e41,22984.711854796387,0.000983760119848108
USDC/stS-Weighted-0x713f,0xd7d7c959529b8967d356b5e01d488c2cd75dba42,730657.9447272576,0.03127261946174294
USDC/stS-Weighted-0x713f,0x010aa6ffd44f255305994160b6bf28f8d4c06884,15.012504220391861,6.425446202838097e-7
USDC/stS-Weighted-0x713f,0x020bd3d6b7677544d4f240f018612075e0316f59,178.05460071211996,0.000007620848868701811
USDC/stS-Weighted-0x713f,0x02a11b9018e40ed599d961e8715199ce4049f811,149.76636201085455,0.000006410094465041906
USDC/stS-Weighted-0x713f,0x02afe5211cd9731b2e65bfc7857e73bda234f6d3,375.033018207208,0.000016051648994743898
USDC/stS-Weighted-0x713f,0x02c713a91fdb54ce03f85ff19635fccb59e50b3e,331.4138655150438,0.000014184721832410913
USDC/stS-Weighted-0x713f,0x02f490115708f569b862fc32bff4e34df81a8f1e,158.6559783863946,0.000006790575635580489
USDC/stS-Weighted-0x713f,0x04063be551982933c2f512a0f116d6ecc445f8ec,26.726053638711125,0.0000011438919007026346
USDC/stS-Weighted-0x713f,0x040ca8da9f17f74da3fea1de34fa3cca19e639c8,954.6057582545002,0.00004085772669593731
USDC/stS-Weighted-0x713f,0x0442b6f5eebe3e36cc9570672ca87cfeadf88c6f,57451.63849690003,0.002458966252447772
USDC/stS-Weighted-0x713f,0x044885ca68212aead3f038f247f761c3e4276562,1.8708946966633433,8.007546940940428e-8
USDC/stS-Weighted-0x713f,0x04650ba67b062200b89537a832536be71f3e764b,1882.8683641194502,0.00008058794990539899
USDC/stS-Weighted-0x713f,0x048e45420fb44cab0008e44b52d374244106d42f,471.84593740784186,0.00002019530281112995
USDC/stS-Weighted-0x713f,0x04ba64066ffc247736a11d4605e26befcd502298,83.42725697206674,0.000003570739056287653
USDC/stS-Weighted-0x713f,0x04c59314f7fbcdc5794c997aa7fe5327a628cb12,3793.288176967877,0.00016235511914036076
USDC/stS-Weighted-0x713f,0x0554afcf5b5857ab574b0a8c96f980c94c3b05a8,450.2435987370341,0.00001927070913277333
USDC/stS-Weighted-0x713f,0x055d875697ab3aa91ff64b16875b1ac4ea1a656f,2116.986354894933,0.00009060834712068212
USDC/stS-Weighted-0x713f,0x05a2a0f4b750f56f375097d8036dc6fed12056f1,4.374572867270424,1.8723446938892926e-7
USDC/stS-Weighted-0x713f,0x05a9b863da79557856529fb2ffeaddb01b66bf17,1581.7838559111922,0.00006770134363639085
USDC/stS-Weighted-0x713f,0x05b26f4df5372eefabb23039b69e2eabc8684666,4.555460868015541,1.9497658956064537e-7
USDC/stS-Weighted-0x713f,0x05c446f4d6c3fb71f2f2949c92e0a5ee6e59853e,75.57112005711515,0.0000032344914564995725
USDC/stS-Weighted-0x713f,0x05f8deb3927bad153dff31028d366b32aefcd069,189.0525319940706,0.00000809156724291346
USDC/stS-Weighted-0x713f,0x060039c5ecc53d1ec684dcab1cd3b4499e9a1d8a,11644.44529929513,0.0004983895806728961
USDC/stS-Weighted-0x713f,0x06287d60499974e52106960d4366b2f6e16587b0,3311.271286184661,0.00014172449312941268
USDC/stS-Weighted-0x713f,0x066358cccc307cabcd1fb808d1ce759c481e46c4,2.0600197022827325,8.817013856905178e-8
USDC/stS-Weighted-0x713f,0x0687c516a80d274fba27c9586770e96284184abd,1.2318432270519988,5.27236646834827e-8
USDC/stS-Weighted-0x713f,0x0725560c5f320816aff5698fe3d48e64565e9cc6,119.30227206915963,0.000005106212260147028
USDC/stS-Weighted-0x713f,0x075372f18e4c6333327fb8c32deb72e23ed6eb38,351.67440713570045,0.000015051885753317996
USDC/stS-Weighted-0x713f,0x07e1417019821ef88ae53b5270cb2580d4d7b7aa,44.36352016175873,0.0000018987865580794046
USDC/stS-Weighted-0x713f,0x08c9f34ca6bb8097fc75b89746e6ac3d5c8ddd3c,452.18458216936733,0.000019353784444140212
USDC/stS-Weighted-0x713f,0x08da5f3410e20fc37f72fb261c2f9f8b1641fb33,3457.990396743353,0.00014800416331623326
USDC/stS-Weighted-0x713f,0x09389c94520b9d725de2332a3d0b5ee5dc45bda8,124.53533644814509,0.000005330190706044723
USDC/stS-Weighted-0x713f,0x0955f78fd89c0f910aba2d0341a7cc5d8b751c5e,106.14385906103482,0.0000045430239095746676
USDC/stS-Weighted-0x713f,0x09ebcf8024b31dd9be2e2a9a902a407ccafa9425,6.491224796255787,2.7782850287039953e-7
USDC/stS-Weighted-0x713f,0x0a244e4bfb1d4ffd17df3e59c1ae4c13eef4feb8,611.1434684491525,0.00002615732472802203
USDC/stS-Weighted-0x713f,0x0a43c28bc431d891ca77c1cd15a46dc82ec9c0fa,140.10648104312875,0.000005996645485626255
USDC/stS-Weighted-0x713f,0x0a83985e4a6e8dae2b67bed4f2d9268f6806ce00,2518.4401525505714,0.00010779082208883254
USDC/stS-Weighted-0x713f,0x0b997e226b63fded87673bc8b43ba24477b8147a,214.7846667387369,0.000009192918789988787
USDC/stS-Weighted-0x713f,0x0e7318d7f5196d1f4341317570ed5014f537a249,4.383227505217495,1.8760489333497826e-7
USDC/stS-Weighted-0x713f,0x0f17339e6008809ac12d2f34a78119d9375fe0b1,328.5203816036411,0.000014060878901620981
USDC/stS-Weighted-0x713f,0x0f480869123823ac6c4dc103c49b155dd7c4d976,250.03007676705883,0.000010701444501017973
USDC/stS-Weighted-0x713f,0x0fcb16d83c7afaf2fc2e9f5bfd0dedb2822c85f1,65766.17406843854,0.002814833602972386
USDC/stS-Weighted-0x713f,0x101dce6abfa64fd7302db3db424b52ad40c78d95,171.09372131820638,0.000007322918853739467
USDC/stS-Weighted-0x713f,0x10732ab917f8c1d76c93ab12e6b320798421e53e,3423.458332820149,0.0001465261692670451
USDC/stS-Weighted-0x713f,0x11637bec6f151cc35b9f9bef168abf70e2daa67b,184.35253510274936,0.000007890404420673119
USDC/stS-Weighted-0x713f,0x119030ad7e6fea8f694782898038da2e768cf6bf,37240.27010151359,0.001593906976501684
USDC/stS-Weighted-0x713f,0x11ba0b93921d10a1b290e36e80c6f4b389123854,3115.0904373105845,0.0001333278294418498
USDC/stS-Weighted-0x713f,0x11e9957d060aa859b5519269c8137adf2664f834,181.56309608183668,0.000007771014676618118
USDC/stS-Weighted-0x713f,0x11fdb8063226dbff48b7925d5a37a65731140b4f,195.5486421112188,0.000008369604840589877
USDC/stS-Weighted-0x713f,0x1245815ce0609403047b54b1948f037331119132,99.94355441871747,0.000004277646972219326
USDC/stS-Weighted-0x713f,0x12990834aa3c237a2ee7002c4a122ea14bc94904,7356.087905388652,0.00031484518775501803
USDC/stS-Weighted-0x713f,0x12c809bd16233224f746323808f38cdcc075f2ae,12.03212231748918,5.149824008174457e-7
USDC/stS-Weighted-0x713f,0x13a4de15f406b024df9dece7600b4a50c3c5bb17,147.8344089028671,0.000006327405657235161
USDC/stS-Weighted-0x713f,0x13dbabe8ff38daafd1bacbff0dfaf90c754ac909,356.7305321700647,0.000015268291084008937
USDC/stS-Weighted-0x713f,0x13dd946f2f15aa543de9c92b32cb1132781e7770,10065.587123518426,0.0004308134579858877
USDC/stS-Weighted-0x713f,0x144db4e3d28aca86ca6cd7ad6fa3cdabd3200ff1,12355.698389817371,0.0005288316601731655
USDC/stS-Weighted-0x713f,0x14d254121d0a46463ddcaca5767c3d6c911249c7,15.363447562052354,6.575652159751052e-7
USDC/stS-Weighted-0x713f,0x153b4f4f2c6c284f844a53eb2e097d23b7bfa4dd,12072.602762570239,0.0005167149893204483
USDC/stS-Weighted-0x713f,0x1563c4751ad2be48fd17464b73585b6ba8b6a5f0,2477.0995340457685,0.00010602141762242879
USDC/stS-Weighted-0x713f,0x15a5e7f5e02b35a11d4bc847e6d880265e3b2c08,1696.8108264375053,0.00007262457030225471
USDC/stS-Weighted-0x713f,0x160cf6551ee3d910f673af762d5a2f1bd4855be1,2416.8617654490026,0.00010344320324982743
USDC/stS-Weighted-0x713f,0x164fc998283085711c6c8cfd048a291380e0619a,184.95699752482358,0.000007916275792415345
USDC/stS-Weighted-0x713f,0x1651999b9bb0bed5305693b06785067d9592c864,3.8671214458586123,1.6551522947420295e-7
USDC/stS-Weighted-0x713f,0x16765c8fe6eb838cb8f64e425b6dccab38d4f102,82018.03410649636,0.003510423431541767
USDC/stS-Weighted-0x713f,0x16b00db74167b7469dda63b674ca9a3b1b70c439,12.326638422555881,5.27587875301876e-7
USDC/stS-Weighted-0x713f,0x17b72bf643a1c8356d2bb264a42bfcd4dfa3661c,45771.24838381395,0.0019590382111430308
USDC/stS-Weighted-0x713f,0x181a991e5c7decbf33cfe75866e08942ec271559,13500.06212245647,0.0005778111474899031
USDC/stS-Weighted-0x713f,0x183491ac186440388ed00f92a1dda98f78e7998b,14364.37789146392,0.0006148044058729942
USDC/stS-Weighted-0x713f,0x18ad72125820824d71cf3c1e8cd10678cc39a866,253.2536685256218,0.000010839416255233528
USDC/stS-Weighted-0x713f,0x193641ea463c3b9244cf9f00b77ee5220d4154e9,1425.2457579928005,0.00006100141461653427
USDC/stS-Weighted-0x713f,0x196f5a721f5eebd68e086656c5afdc20f403db56,205.62043831903569,0.000008800684051287924
USDC/stS-Weighted-0x713f,0x1979630a6ab98a0cce107aa8edc4ed1057f2bd43,125.91904628817908,0.00000538941435725542
USDC/stS-Weighted-0x713f,0x199aa8cfbbf7f1690ff873f9fe5ed2ddd21ccc0a,2.541875599284071,1.0879387394490487e-7
USDC/stS-Weighted-0x713f,0x1a5a04171dc7143afe49870fcda9c875e5f86f38,162.09824891063022,0.000006937906978468957
USDC/stS-Weighted-0x713f,0x1ab0a6362bbfd48e87dde4f74434030f839caaff,28255.09388534908,0.0012093357846976929
USDC/stS-Weighted-0x713f,0x1aca16cb1d1cb06c819746154c11a1350951ce9a,175.35022631474328,0.0000075050999440215885
USDC/stS-Weighted-0x713f,0x1ad4a9c4ca9c0a6b1a066db8447873120f2ff9dd,23419.951461251643,0.0010023886486769224
USDC/stS-Weighted-0x713f,0x1b1dbd3dfd5b4e33e9e67440fb65526bd8737702,2043.5165107462215,0.0000874637915943149
USDC/stS-Weighted-0x713f,0x1b5905acb5e0c49b24e5172778f2c4dcfaf684d1,565.9972948504037,0.000024225040110718003
USDC/stS-Weighted-0x713f,0x1c529d7687a169389cf012fa0b34809217000321,406.60029082240214,0.000017402748111730256
USDC/stS-Weighted-0x713f,0x1d4836a9aa218c9adc5dbd40724be085dbfa6104,21.560692622376372,9.22811201297311e-7
USDC/stS-Weighted-0x713f,0x1da29ca4e330f0faa816edb6b55b46f9ee453f7f,9760.599281719815,0.00041775978658485137
USDC/stS-Weighted-0x713f,0x1db383f83b61e5ab316366c2b1ab12d6d0f25eaa,63.05066355922392,0.00000269860804570327
USDC/stS-Weighted-0x713f,0x1e4005508544064737e04e15e3e2a5c7731bff2c,200.64229003740766,0.000008587616174644776
USDC/stS-Weighted-0x713f,0x1e42c9667ba9aa0c1f0b2dfaf42d4fe9c438ae34,17920.849147013796,0.0007670236118695224
USDC/stS-Weighted-0x713f,0x1ee840962f7e8414092a25a216ec94d06e4600d5,1202.63521809052,0.00005147354353434709
USDC/stS-Weighted-0x713f,0x1f452f2beea8c1105cd5363b18a0995367a87d97,16.850338241591754,7.212050719952916e-7
USDC/stS-Weighted-0x713f,0x1f53540835672292df22df8cced701056cd71405,444.266323331918,0.00001901487798700784
USDC/stS-Weighted-0x713f,0x1f6776679f5a18a2b31a6a2503bca2e872d76f93,556.6797373719091,0.000023826242791889633
USDC/stS-Weighted-0x713f,0x1fd50f346d8c3f7c519f0e595d4c18a5ef38c17c,90492.30143862113,0.0038731274018565525
USDC/stS-Weighted-0x713f,0x20833b61f0378b97e4f492f53e4fbbb93336e3b2,112.72966231065082,0.000004824900429718483
USDC/stS-Weighted-0x713f,0x20ce95ba2120fffc397e99b3efcb5b35ee2fb66a,112.35535615751436,0.00000480887989100581
USDC/stS-Weighted-0x713f,0x20e146f3c4cfc40c889a9841c5e5058132c82be3,7.846424830766627,3.358319164781423e-7
USDC/stS-Weighted-0x713f,0x21704f7cdbb568754385487c27cd0c87a37435c5,226.87459644804218,0.000009710375383524436
USDC/stS-Weighted-0x713f,0x21c715749c2ac9bad001a584511f303a98f8e954,175.6012316700911,0.000007515843131059104
USDC/stS-Weighted-0x713f,0x22072c5bb327d004c5419f8e0746a70121735fbc,4.457581100887603,1.9078727398215176e-7
USDC/stS-Weighted-0x713f,0x22138a0cff84952c018cbcbf5650149017d6b292,6870.16790788478,0.00029404750632220744
USDC/stS-Weighted-0x713f,0x2217854468cfa2eecc21761bcc67a2f773aa1425,127.62133223634243,0.0000054622732662102204
USDC/stS-Weighted-0x713f,0x228baf69cdd1290d98d9590e772cbd7f1f75ff66,1448.5421726993209,0.00006199851581443053
USDC/stS-Weighted-0x713f,0x22ee3afeb853f03be12d4c5a9ad5a45ec70362ad,0.7787470018964525,3.333086134630577e-8
USDC/stS-Weighted-0x713f,0x237aa30084281a94803df9f13652e5f452458b18,13.492076618199974,5.774693628865526e-7
USDC/stS-Weighted-0x713f,0x238199a3a1fd126774dfef541e0fa7eb7ffeba4e,4.566519440919814,1.95449903434423e-7
USDC/stS-Weighted-0x713f,0x24561da338b34f2c5ef49c4f0f0a98c66bb60460,3139.1987710089506,0.00013435968128312027
USDC/stS-Weighted-0x713f,0x24a9b3bb7af3c21a4d26e07492202ca2ff3d4cc7,17.699864896365252,7.575653469899829e-7
USDC/stS-Weighted-0x713f,0x24b5ce62689f6b828afe24ab655d685e84ec13cc,3694.564264641953,0.00015812967361660674
USDC/stS-Weighted-0x713f,0x24d4fd836a8af1dbdd787f29262a7d0132ae2662,4874.556982191562,0.00020863410389051768
USDC/stS-Weighted-0x713f,0x250a64de7cd5c7785800c700e1171c57e8bad0dd,31.58704795719507,0.0000013519455140584547
USDC/stS-Weighted-0x713f,0x2526a6efeef588bdfb0d572d8c373dd71ef4e4f4,10495.883517547445,0.0004492304142146369
USDC/stS-Weighted-0x713f,0x254bb212e0d498f5da2890ac99d7347f497c4141,425.8903099680553,0.00001822837306045634
USDC/stS-Weighted-0x713f,0x25b70c8050b7e327ce62cfd80a0c60cccf057fa6,29456.09644617227,0.0012607394494744063
USDC/stS-Weighted-0x713f,0x25e2a352478b83dc0de5d74bec53a8f13d4062b6,48587.508439667814,0.0020795759123582013
USDC/stS-Weighted-0x713f,0x260595af9a3e85fc2d48acf9bfc4bc91efebd136,196.95634570181954,0.000008429855439411764
USDC/stS-Weighted-0x713f,0x26606cd9ec4c9a5f3dc743dbf4a9c4d14ab8d842,12804.589886196374,0.0005480444984748322
USDC/stS-Weighted-0x713f,0x26a6dc267e276fded7b40251c8fc08b1b40df367,4802.769290157444,0.00020556154553236857
USDC/stS-Weighted-0x713f,0x26d067c1bd1762d9bb6efe783b1fcd925f0e746d,0.7713335633757251,3.3013561516152996e-8
USDC/stS-Weighted-0x713f,0x26fa942b42a7890e0cb74a49cc66d0391c8bf26c,2919.9359199754285,0.0001249750933894955
USDC/stS-Weighted-0x713f,0x26fad00b5e8bbd2cf4b39196de32af8c35e1f74a,2462.972007536338,0.00010541675060463564
USDC/stS-Weighted-0x713f,0x277c1d7a4c4dd06733f19904d88c7f7fe3925b86,657.5642316657963,0.00002814416258241595
USDC/stS-Weighted-0x713f,0x27d83f1308665e2be54faebc11a53457f85fa016,196.95763756675115,0.000008429910732043144
USDC/stS-Weighted-0x713f,0x2801551a67dffb9b0072d43bf3c5eec6a8a24b44,166.95664311923915,0.000007145849305487214
USDC/stS-Weighted-0x713f,0x282d18634cd313fbfc8607bdda50cd3699b29948,9.312292593356894,3.9857197843399197e-7
USDC/stS-Weighted-0x713f,0x284150de2abbb3e67004b2393a19285cc9a6ee1d,125.30457718066035,0.000005363114693084105
USDC/stS-Weighted-0x713f,0x286e07e3038c42bddee38ff56c4f18c384d7b3c1,11.766993252490686,5.036347101260914e-7
USDC/stS-Weighted-0x713f,0x288549cfa97698a43020fe8785c8143dbec2b822,3888.9128574414153,0.00016644791559207935
USDC/stS-Weighted-0x713f,0x28ac01ebf289292783cfaad9bbf2c7fe2666dfbd,2267.432608021589,0.00009704754135298629
USDC/stS-Weighted-0x713f,0x28aef7e702afeda80f05cb8457d49ccebe7f66f2,4113.8401791632805,0.00017607494639290452
USDC/stS-Weighted-0x713f,0x28c974c18c6553b445c4b77f35d83f3499acf58f,0.0043147172994199585,1.8467261344859199e-10
USDC/stS-Weighted-0x713f,0x2a06913d5b8748b222e1236768c24ca19198b374,24.252299102070282,0.0000010380136510724238
USDC/stS-Weighted-0x713f,0x2aa04c4c27bf596736902020520490896da661f9,1185.6574947481877,0.00005074688629994214
USDC/stS-Weighted-0x713f,0x2b06cfcee35c8947ac92a8413272aa5e7a8c115a,185.4671714325592,0.000007938111556456592
USDC/stS-Weighted-0x713f,0x2ba9e7bdc9515af90062bd3750a0471d0f71e707,2426.02363660242,0.00010383533709604912
USDC/stS-Weighted-0x713f,0x2bde6a71265becec57fd5127992101f73f41f62e,4.722962681972636,2.021457725207885e-7
USDC/stS-Weighted-0x713f,0x2cbbdc07de366d5964b47f0c178b5114781a6be9,0.9698615700250568,4.151068503235653e-8
USDC/stS-Weighted-0x713f,0x2df44f531f9b8cd82f181f7e3f3401e392f1b19e,31678.295327846878,0.0013558509588974125
USDC/stS-Weighted-0x713f,0x2dffdc3e3294266a402d6c3f3dd33be81f823d5b,14713.447673287608,0.0006297448120252063
USDC/stS-Weighted-0x713f,0x2e128bbaf2cf7f1523a434128d91c642c5c7efad,1873.5814757537441,0.00008019046524388227
USDC/stS-Weighted-0x713f,0x2e1fd03b0174b6e9a76354862f11ecd297dfabcf,136.03668210480046,0.000005822455532033599
USDC/stS-Weighted-0x713f,0x2e4674285656475dc2d0cc85c0c96257ae5f9e55,2614.007097855618,0.00011188114743903664
USDC/stS-Weighted-0x713f,0x2ea2ce595bd68a0cd1fd34b06df98970952fe4d2,41296.54493918824,0.0017675180900825998
USDC/stS-Weighted-0x713f,0x2eca1f8b3a23f5914d24e24e5ea1ecad956a531f,899.7787612594625,0.000038511096750106825
USDC/stS-Weighted-0x713f,0x2ee91a96625ad18b96ccf6cc08cbe5ce1c841656,34816.69018646995,0.001490176232224928
USDC/stS-Weighted-0x713f,0x2f556083bd13f674c7a5838988ef73b79dd689cc,102330.65181669532,0.004379816241825972
USDC/stS-Weighted-0x713f,0x2f716f6e776bb2aaadb160a3791c484157428718,4196.37625113496,0.00017960754217081102
USDC/stS-Weighted-0x713f,0x2fd8d19a815d5f8d27b9029f0a960155337a0efd,494.1201038527972,0.000021148651140655922
USDC/stS-Weighted-0x713f,0x30df2a1462aa9f03390c0a4fe26026b23beb8202,136.8449550109379,0.0000058570501206468915
USDC/stS-Weighted-0x713f,0x313fe1a98e99b15a981e479a9788be4d43db10d0,3415.180651283395,0.00014617187929238256
USDC/stS-Weighted-0x713f,0x318312055830e05fae49d3b15b8b5fca5593ecc8,1.6629294909214918,7.117442783806315e-8
USDC/stS-Weighted-0x713f,0x31be92cd745c622133f195a63ded70f1e41d6c98,13653.002044847717,0.0005843570723347159
USDC/stS-Weighted-0x713f,0x320ac2c6fc3eb2ccb8861ecbd0c06d7c7dad0295,4192.3394309493315,0.0001794347637285705
USDC/stS-Weighted-0x713f,0x333596dc492ebb6947ebae157860a157988a77ae,989.2912257571537,0.00004234228651478392
USDC/stS-Weighted-0x713f,0x339c015afbcd4d6ac87474a68ae6c8551a1de988,14.560308413317614,6.231903554066826e-7
USDC/stS-Weighted-0x713f,0x33afa1debe809961cb73e41a3d7d71e14da63917,119.34916375587783,0.000005108219253823399
USDC/stS-Weighted-0x713f,0x33cabfdb18ed153ae710d9bb06f73d2d7b4ab9a3,3494.454684847704,0.00014956485777532986
USDC/stS-Weighted-0x713f,0x342fe66616cb8da63a3a6c5f0c270c16231550ca,1379.732926644693,0.000059053436817008466
USDC/stS-Weighted-0x713f,0x357ae2fea8aeac0f55dea43fe70ce15f4af06c64,102107.23239113386,0.004370253749928957
USDC/stS-Weighted-0x713f,0x35fadf310e5c90f38c05f4f30a010cf6e86fc0e9,8374.198520904876,0.00035842096227271624
USDC/stS-Weighted-0x713f,0x36532efb1f2d87fbc8640ea4b58a36acab6e6345,78.7848534938785,0.000003372041268343328
USDC/stS-Weighted-0x713f,0x3675166c2a7e1d9b631e105216002ee1867b7379,2720.019857067783,0.00011641856019264593
USDC/stS-Weighted-0x713f,0x36fd602017149fd6c2161275af8e8f2f19198e19,1157.3778098941202,0.00004953649800632085
USDC/stS-Weighted-0x713f,0x375f4075b253e9d024bc7ce3ebbcc8561a63355d,0.6557862194103403,2.806806253989339e-8
USDC/stS-Weighted-0x713f,0x3768e6c39a365bb4be13bf89ffab4b7471455f3e,1941.7355700663693,0.00008310750333479642
USDC/stS-Weighted-0x713f,0x37eedb7ac276bd6c894e81b8937b0b0bab154e22,1466.4320173567344,0.00006276421241464997
USDC/stS-Weighted-0x713f,0x3811a1aead486a521d9d28996763569c80091cf3,505.9095018294395,0.000021653244787063477
USDC/stS-Weighted-0x713f,0x3821245dab571f68cb0c97b04983de91651d0e01,68.33650022463465,0.0000029248451786424352
USDC/stS-Weighted-0x713f,0x39415152b48d809d2f1e3d47f62c179c20c74a0a,0.0439097539687663,1.879365079697543e-9
USDC/stS-Weighted-0x713f,0x395ef2d7a5d499b62ac479064b7eaa51ae823a22,80844.94570858424,0.0034602145104896797
USDC/stS-Weighted-0x713f,0x3970f0893d68b87b182485844ee4dd5c3baf5c34,5326.069085669923,0.0002279591058238377
USDC/stS-Weighted-0x713f,0x39b8daa2654646e20f9f39b2e90049cbca6b0a3b,60235.999174961195,0.002578138640235536
USDC/stS-Weighted-0x713f,0x3a39899dc78b7307acd83f51463c853fa79e1b09,3348.753142651238,0.00014332874015424518
USDC/stS-Weighted-0x713f,0x3b022a2264256ddd7de70b8e636045cc466768a0,42761.26954207485,0.0018302092240843303
USDC/stS-Weighted-0x713f,0x3b964a558a4c42d357f1e0a876516892b1012ea0,4.315187401555603,1.8469273411559116e-7
USDC/stS-Weighted-0x713f,0x3c57cb6c743b190cec13cd804afd753531b94ea8,144078.669186566,0.006166657635821281
USDC/stS-Weighted-0x713f,0x3c5aac016ef2f178e8699d6208796a2d67557fe2,53669.97598815598,0.0022971087192174473
USDC/stS-Weighted-0x713f,0x3c6b375a555ad29d854c8cff46a38fc109ecabfe,117448.04098549439,0.005026850003851788
USDC/stS-Weighted-0x713f,0x3c7ac2ff76a1b4dcb2b69b1121fef5fb8dcdec43,144.21284849639972,0.000006172400594652223
USDC/stS-Weighted-0x713f,0x3d0db72eb8d80bc016698f1bc19aea2443f75252,51.58726395148304,0.0000022079673344678745
USDC/stS-Weighted-0x713f,0x3d31d5fd0082133da66cb1c74b8cecddd74116de,139.98506075067064,0.000005991448620761679
USDC/stS-Weighted-0x713f,0x3d477d4caed1b7c73f986ee61fd2cec88a148e07,4860.7177261348315,0.00020804177502936047
USDC/stS-Weighted-0x713f,0x3d5e335417da4815b1d371d594c2201ad2f1d90b,206.40368014954828,0.000008834207294125286
USDC/stS-Weighted-0x713f,0x3d6991085ab1ae3926cb96f25684c40a364b6856,971.5456541391378,0.000041582764891367545
USDC/stS-Weighted-0x713f,0x3d8250ac679dcfd1e90c29e7a64ab5013645e579,2.5744912493763707,1.1018984427711633e-7
USDC/stS-Weighted-0x713f,0x3e64881791324755f89778bbdd454f9c961797ce,36.17848986052395,0.0000015484621145548787
USDC/stS-Weighted-0x713f,0x3e8c91472fc50a8528e448ff501af9bf8c00cceb,32598.545112721207,0.0013952382283301265
USDC/stS-Weighted-0x713f,0x3ec90f0cfd623669c6554fd587750baf5a2309e2,41961.402875297725,0.001795974427801384
USDC/stS-Weighted-0x713f,0x3f12c7d0c66299eed65696d65826fdbb59157cd7,3.6966331660365497,1.5821822389719152e-7
USDC/stS-Weighted-0x713f,0x3f5c25639b67959d7240f898ddfbf2e35ebbdd19,192.57914369011476,0.000008242508440987875
USDC/stS-Weighted-0x713f,0x3f888f4e16a08c6b3745ddbade98e24569852fa4,10590.154349893292,0.00045326526511520963
USDC/stS-Weighted-0x713f,0x3f889277ac60ed7e0cad46056a2defbdca83ecbf,18.54298346047683,7.93651351675027e-7
USDC/stS-Weighted-0x713f,0x40711ff25f332616d794bbdc4063b83735c6d625,124.50989753559723,0.000005329101904592045
USDC/stS-Weighted-0x713f,0x40c7924efd995c99826f144f7546af722c785998,132.6800343487378,0.0000056787888974613225
USDC/stS-Weighted-0x713f,0x40d82eb96749cdcd6251cdcb722526caedef34ff,171.43163669246107,0.000007337381844233991
USDC/stS-Weighted-0x713f,0x40fd7b406701e407c85688636318f6315cbc84b3,29.054581226582588,0.0000012435543456088576
USDC/stS-Weighted-0x713f,0x41870cf3b029f7c5f72563e98e5bda80f1267532,128.40496345914585,0.000005495813175282474
USDC/stS-Weighted-0x713f,0x4191b3bc49d21c69922d0b175ab6efbcf609fbb6,91.26035727817823,0.000003906000674732282
USDC/stS-Weighted-0x713f,0x41a1458fdee14e108ce46ea28077cff9454b3085,4561.101455971802,0.00019521801027189552
USDC/stS-Weighted-0x713f,0x41a6ac7f4e4dbffeb934f95f1db58b68c76dc4df,16067.806528730625,0.0006877122226399248
USDC/stS-Weighted-0x713f,0x4282890ff9661a51ea367aeddf341c6f6395d4e1,12351.777863554462,0.0005286638591839413
USDC/stS-Weighted-0x713f,0x42ab9c98807eab8469b55a72786ff1d436663810,982.5737649493811,0.000042054774968366586
USDC/stS-Weighted-0x713f,0x42dbd726f2d74e7b1780afcacd46da8838a47c2b,2189.1087748718896,0.00009369523204525691
USDC/stS-Weighted-0x713f,0x432fcd67815d5cc72808a7815a02373fdee7d740,31292.587701038767,0.0013393424299425064
USDC/stS-Weighted-0x713f,0x435227b0f30b1a1afba558bd07810b1495bf5b48,192.2564238444006,0.000008228695828669618
USDC/stS-Weighted-0x713f,0x4367cc270d68925d9ba89cae2a9c2877f3acd69c,6.7125824405598165,2.8730274923317843e-7
USDC/stS-Weighted-0x713f,0x438cbca6e5c1ba5d2931f2069d9201dfe947c942,0.10765847349366699,4.60785035965953e-9
USDC/stS-Weighted-0x713f,0x43dec30f92cf1388a1e777b2644b08f4caac07d0,327.6079832563479,0.000014021827678653611
USDC/stS-Weighted-0x713f,0x441921132b11fdc628f25fe80d7369143fa6c18e,251823.65788904784,0.01077821090081763
USDC/stS-Weighted-0x713f,0x4447bf024195e07622fcab16c5834c52f4e0a25d,712.6749604059556,0.00003050293642534416
USDC/stS-Weighted-0x713f,0x44a68adfc54ff1b503ca1ee1ccbc25c0efee7f45,523.9905143426228,0.00002242712349171352
USDC/stS-Weighted-0x713f,0x44ac1c3342a0f919395f06110ae55ccd795aa20e,1.8738666030313906,8.020266887064954e-8
USDC/stS-Weighted-0x713f,0x44f4da18d1e9609e13b3d10cd091e3836c69bff2,164.9362456275446,0.000007059375022445223
USDC/stS-Weighted-0x713f,0x4533e03d983fae04741131c5f7cb35f1b32a1acd,896.1550531222007,0.00003835599976329542
USDC/stS-Weighted-0x713f,0x4547f0133001991cbf7c4055a7bec5bae57331e4,17.855732304603098,7.642365700697919e-7
USDC/stS-Weighted-0x713f,0x45adc095d1c01a404568ddcca532beb4f9c0c777,8302.120074702303,0.00035533595945333517
USDC/stS-Weighted-0x713f,0x465376ede3020be8099c348edcaac478263dd375,5635.461916152068,0.0002412013135103241
USDC/stS-Weighted-0x713f,0x46c9b6d9a8f802cb9e7559d5e0732a22e14f7053,1034.7744915530498,0.000044288998890084674
USDC/stS-Weighted-0x713f,0x46fa5d7c3aaa1ccc9c23fd6e7811da72c505bed5,494.80792347939496,0.000021178090253165594
USDC/stS-Weighted-0x713f,0x4815ee939fe2efec2f7bc415f0ce2282f6417fe9,115956.75640582741,0.004963022086143319
USDC/stS-Weighted-0x713f,0x4867dca57c00641332cdb96a4746b3eb29360618,4.275498935614658,1.8299404281777082e-7
USDC/stS-Weighted-0x713f,0x487bdd59584efaa4aa6c0df2fdf3a83192d820c4,168.74595030114776,0.0000072224327779640364
USDC/stS-Weighted-0x713f,0x48b9676685c8aaa95f37e13463074cd1dd3682fa,83.06631811496737,0.0000035552906462505344
USDC/stS-Weighted-0x713f,0x48ba6902e3cf26974bb07cd17a26328594ad737d,123.84773661668014,0.000005300761000904941
USDC/stS-Weighted-0x713f,0x49141e6c73fc29f0d750c4b4b37f55ce997b3950,100.70636679780328,0.000004310295821689869
USDC/stS-Weighted-0x713f,0x4918f36a4ead32be422ff8869777c569b7d55961,93.87619149059627,0.000004017960023823454
USDC/stS-Weighted-0x713f,0x49932dddf7a6299247b9174c28eb378a75fe8259,15.270885068690596,6.536034830572309e-7
USDC/stS-Weighted-0x713f,0x4a4f62950ec25bff5267d52e79250aba3f77ad24,1947.3720806299493,0.00008334874953107604
USDC/stS-Weighted-0x713f,0x4ac76b0e6e417e98bd2883dabba7467622f0cec8,204.66798222368234,0.000008759918331515834
USDC/stS-Weighted-0x713f,0x4b61f6f1a3bb69cf1a08e3c9adbd472dda24bdca,539.529076174375,0.000023092183708541162
USDC/stS-Weighted-0x713f,0x4be78fc4baa74b7368c7c30205d0c6bacdf2c9ff,7845.60053586198,0.00033579663613791835
USDC/stS-Weighted-0x713f,0x4c19d0923c985c3254a9ce56454d9844a40411c0,183.20347137254927,0.000007841223770505479
USDC/stS-Weighted-0x713f,0x4c963931f71e6b471a1e4876ead08871ba8059e2,83.79377951081507,0.000003586426451410287
USDC/stS-Weighted-0x713f,0x4df719ad45a4cda1cacdf1964bf15d105034b2ca,438.9982617431305,0.000018789401638524867
USDC/stS-Weighted-0x713f,0x4e032950eee12907168a38a2be364d0b11ff6dc8,17946.146854854844,0.0007681063696719614
USDC/stS-Weighted-0x713f,0x4eb379128ddc25dded4af52a83015a80cb38d8c0,132.64211887637805,0.000005677166091403612
USDC/stS-Weighted-0x713f,0x4f1eaa98d083d86b7154f2ac386d5b46827315b5,196.95017883090327,0.000008429591493458906
USDC/stS-Weighted-0x713f,0x4f639310a05b36f525711fd52afce2770851f988,9420.755896332768,0.0004032142760015554
USDC/stS-Weighted-0x713f,0x4fca7ea8770ea56d3e5eb1ce0f35ffe44f198c7d,4149.255818374317,0.0001775907580199916
USDC/stS-Weighted-0x713f,0x510c188c03b5c05c6346a6982d192469842475b8,848637.538619005,0.03632222026421533
USDC/stS-Weighted-0x713f,0x519605903d4329cadefd874dba491c8a3d09a946,1540.260905513756,0.00006592413525033468
USDC/stS-Weighted-0x713f,0x51b322419e4613d2af91c3071f92c05ba25c409e,132.31696915509104,0.000005663249478882966
USDC/stS-Weighted-0x713f,0x51cc87dc2d12614c1d3e1f8a6045aefd9c549bfc,1876.8840949092582,0.00008033181942037864
USDC/stS-Weighted-0x713f,0x529497b2d1dfd5c23b3680ae5e12b12cb0aa2c7a,1.6157254530551755,6.915406533615118e-8
USDC/stS-Weighted-0x713f,0x52c831e3dd97486a8c471c71ed5b1aae35e361a6,100.89382193658983,0.000004318319019499082
USDC/stS-Weighted-0x713f,0x53143d37caa2cf41177b8d66e0125731a1247af7,959.4066223939678,0.00004106320669982222
USDC/stS-Weighted-0x713f,0x531bef9b0c386ca1ee9cc0f58c7b5f21d00d8689,0.20122453880380953,8.612536787956593e-9
USDC/stS-Weighted-0x713f,0x54a7a53d98b66938da57a1d6e28989a195de1344,20180.59729948572,0.0008637422536931057
USDC/stS-Weighted-0x713f,0x54deec02786497d53e1faeda4b1f1421b262d0b3,35.43928420492615,0.0000015168236476931965
USDC/stS-Weighted-0x713f,0x554faf0635c3fc95bdeceb02777dbd2532212bce,218.75922644730366,0.000009363032444662564
USDC/stS-Weighted-0x713f,0x5568d62935a6604f5393ccfff222f91ee67ce06b,440.72409625269336,0.000018863268440714568
USDC/stS-Weighted-0x713f,0x55a836ad1fd8361c5d05afc9afa634b87c898ad3,2262.3420852429263,0.00009682966377721056
USDC/stS-Weighted-0x713f,0x562e6a7c8dc2c80014022a2da2c3c76ddf1d5741,4341.396818159438,0.00018581451362634704
USDC/stS-Weighted-0x713f,0x56640ba14fb770f1ed151886ac7bb6adaa96955c,8635.181316993532,0.0003695911900476141
USDC/stS-Weighted-0x713f,0x57964eaa255f2f81ad6f46d77adfb113c9aff496,118.51406216041848,0.000005072476380437627
USDC/stS-Weighted-0x713f,0x58081488ab9a6b8a31752e7cab1df029390940f9,49.23199556372658,0.0000021071603665123354
USDC/stS-Weighted-0x713f,0x588340baef57bdcbb53f3fe465fafb0a5a92b1a4,5072.793610214226,0.00021711875621828504
USDC/stS-Weighted-0x713f,0x5a72a9c120281eb6853af9bd8f27613618d24147,1.0357046796346108,4.4328811524864636e-8
USDC/stS-Weighted-0x713f,0x5aaa7986136e54f0bcfb7baf3058aed1698abf37,7.766161262886493,3.323965853042725e-7
USDC/stS-Weighted-0x713f,0x5ba323cc3e4b01ded640fc78c8948dcfb8f298cd,4072.3829614795,0.0001743005514083246
USDC/stS-Weighted-0x713f,0x5c2e3184f5c6ec2a6258fbf28017f538c50d7e24,1612.605915220125,0.00006902054715528961
USDC/stS-Weighted-0x713f,0x5c79b582d1f9bbb47372d88361173d9e0beeae3a,203.75863674965362,0.000008720997773443789
USDC/stS-Weighted-0x713f,0x5d4950402cf986f9d2c9be0ccfa31b1036fa6ddc,0.4831361667252154,2.0678531725050587e-8
USDC/stS-Weighted-0x713f,0x5d8b4e10455dd25ca2ff1a76ceb3e0e354c876ff,81.05488459740376,0.000003469200026937769
USDC/stS-Weighted-0x713f,0x5e194bdf79fa0c07c82c18ad34827d1361b5768c,1464.5396792433223,0.0000626832191535204
USDC/stS-Weighted-0x713f,0x5efd95ced49055f9f2d945a459debfccee33aa54,74.73580165639635,0.000003198739303712372
USDC/stS-Weighted-0x713f,0x5f89a6b152259139c6be79cf814c85907099891c,18167.483504953958,0.0007775797174695691
USDC/stS-Weighted-0x713f,0x6020dcd76ac78ab11bc3e8485cc0b4394448ef45,1374.4964190135586,0.00005882931099775373
USDC/stS-Weighted-0x713f,0x605088609f9ac2f1f4571c4ed57a9318dd381f0a,62465.60493135149,0.0026735671685537117
USDC/stS-Weighted-0x713f,0x606899cc78181ff9c315824f1210524e70afb2ec,1130.8439476526946,0.000048400832018269274
USDC/stS-Weighted-0x713f,0x60916fe673b8934c4a1eeef6fed3c533427fff23,405.11799217385067,0.00001733930479752376
USDC/stS-Weighted-0x713f,0x612b13731f22fc09a3ec46aa92343363ed168c99,9.81246171134513,4.1997953118317953e-7
USDC/stS-Weighted-0x713f,0x61fa8f7213f3cbf64a494e134c8277d0c9660516,381.0118066409712,0.000016307544899086855
USDC/stS-Weighted-0x713f,0x62810730b8fe56d13c5627a96af027782122eda1,8216.323261567195,0.0003516638019033258
USDC/stS-Weighted-0x713f,0x62ac87bf969d3a1a71726c49268f2491130f895e,22.381583922510035,9.579458651079099e-7
USDC/stS-Weighted-0x713f,0x62daa776ec074d98ee44c724558e277006987ed7,3102.67709132319,0.0001327965304282523
USDC/stS-Weighted-0x713f,0x63df7d9d7795883d56ca290f94aba8a6aa4f6f22,4262281.085975585,0.1824283105420209
USDC/stS-Weighted-0x713f,0x64931189b070fc7c8c80839c8a2d9a10b83082ab,101.66625444986217,0.000004351379616761815
USDC/stS-Weighted-0x713f,0x65e13cf77d54974d57f7fd86d91df3dbb0c465c6,172.78461552087174,0.000007395290188823984
USDC/stS-Weighted-0x713f,0x668beda9ca81e52443b1e1c57faa6b668b7bd904,476.2565837203939,0.000020384081246659408
USDC/stS-Weighted-0x713f,0x669bf51cb2b94e089192df29a658813236a31e8c,44.25121048007808,0.0000018939796330847282
USDC/stS-Weighted-0x713f,0x6720ddf5cd112a57ea30f1f16b70f6f213af71e8,24167.94809294716,0.0010344033748432289
USDC/stS-Weighted-0x713f,0x677029e369dfb8fc1474810f20fffc43c49fabf5,19.86839745364692,8.503799039843428e-7
USDC/stS-Weighted-0x713f,0x6865c47b0a8ffeed9ea84d1c0f949100c90a17df,22.79630207892532,9.75696062971415e-7
USDC/stS-Weighted-0x713f,0x688ea0b43f7167015991a6eeb497e4d519b91869,1.2023987344865623,5.146342188740014e-8
USDC/stS-Weighted-0x713f,0x693f30c37d5a0db9258c636e93ccf011acd8c90c,3.484421270233253,1.4913542132096165e-7
USDC/stS-Weighted-0x713f,0x6a5334e6c9352c1b5735969dd439e41bcf9b4da4,3003.364276469679,0.000128545879506024
USDC/stS-Weighted-0x713f,0x6ac638ade092aac585fefc0fd1192c56c2bf22d0,1.2235784752660015,5.236992811028259e-8
USDC/stS-Weighted-0x713f,0x6c2e73d510d9df0b154bb8a0abca71d2ceb27883,19827.22443139356,0.000848617672742883
USDC/stS-Weighted-0x713f,0x6caf11a967a7b3fe9ed81750ca96692bf40d2c8a,0.6832214093745668,2.9242305921223007e-8
USDC/stS-Weighted-0x713f,0x6cc22b19c4ffa27c4f7917b3e77c60cda03a4e14,10.043589257208215,4.298719354758624e-7
USDC/stS-Weighted-0x713f,0x6ceb4281bf3b72536439c9cc5e2fc6b3dcda626f,14108.45881023838,0.0006038509082782303
USDC/stS-Weighted-0x713f,0x6d1e0084a6910a8803ab7c22483a1a2db3f1001a,179.80478151170652,0.000007695757707413131
USDC/stS-Weighted-0x713f,0x6d3bcc772bbb51f06f4d0d9cf67c1d1c2eb4fc71,74.81552702736302,0.000003202151599719935
USDC/stS-Weighted-0x713f,0x6d75fc6c2d412ad34de62890a0f309ad8efe41ff,623.4672546651473,0.000026684790527089665
USDC/stS-Weighted-0x713f,0x6e062761e1ed9ffc849badacba81c8b9984945d9,2420.2455484766883,0.00010358803129108745
USDC/stS-Weighted-0x713f,0x6e4f8dc2f2e4fee1717a1fbc856cbb9ca5418ced,158.79273648850418,0.000006796428968342346
USDC/stS-Weighted-0x713f,0x6eef09b526d883f98762a7005fabd2c800dfca44,43.11473728233454,0.0000018453378656229774
USDC/stS-Weighted-0x713f,0x6f45e9dfde2719661ea6766d6ea7a0a9d341cbd5,98.20649606409364,0.0000042032997824036175
USDC/stS-Weighted-0x713f,0x6fb737d1ebb73cda6cfa36fd16d9273065d1b084,5174.5457483818145,0.00022147381171216802
USDC/stS-Weighted-0x713f,0x701a7796b62246961b54dbd66bf6563682b81843,3419.411954817494,0.00014635298174422602
USDC/stS-Weighted-0x713f,0x7044c9382e76b6a32a817a5156a36b9fbcefb61e,291.080110690211,0.000012458411764611577
USDC/stS-Weighted-0x713f,0x707919bbb1c507d25dbf864f79958b76924224e5,59439.34810543606,0.002544041473536897
USDC/stS-Weighted-0x713f,0x709656752ee57c34b6c9462e598b593b71492da6,102639.00403157093,0.004393013910510175
USDC/stS-Weighted-0x713f,0x70b5efb2513949d4e21a4f94150a9c2f475092f2,2.5670368846502702,1.0987079277963977e-7
USDC/stS-Weighted-0x713f,0x710969f07f9b94428a612e26dcdf7728524b01d1,175.62043050843067,0.000007516664853411997
USDC/stS-Weighted-0x713f,0x7191bcceed9860a719e4b8ef622d420c10486b85,60033.76415811739,0.002569482854352093
USDC/stS-Weighted-0x713f,0x71ccbba5e5a9b88fd1b158130c6534de0a6ab3fe,161.84211870482378,0.000006926944444609378
USDC/stS-Weighted-0x713f,0x7201d533e9f2dc54fa6e40e78530643890b67471,122.81855972892144,0.000005256711582976949
USDC/stS-Weighted-0x713f,0x725bc32a354f97af517a87a49a00bfaa7c6b1ee0,46463.963726801354,0.001988686863392535
USDC/stS-Weighted-0x713f,0x72a6a837e79446946bdfcdfacfa6fcf82456717d,180.67082190427573,0.000007732824780769084
USDC/stS-Weighted-0x713f,0x7303ff5f13568aace1ab077e3f52d372e961b279,197522.56249527071,0.008454089874200613
USDC/stS-Weighted-0x713f,0x73745986d145becfb48be3fed88891d2fe8f0c0d,0.9390660054812052,4.019261550606279e-8
USDC/stS-Weighted-0x713f,0x739167bd88b5e200d42c8d482121c30c86e9c79a,506.0315916324841,0.000021658470307402135
USDC/stS-Weighted-0x713f,0x73d52bf205839bb5b090ad68d8691a2462492bf1,0.1272530030211341,5.446508544199085e-9
USDC/stS-Weighted-0x713f,0x73f766e1fdfb6555e955039186b38108a9ea7b2e,9553.84088275827,0.0004089103971025304
USDC/stS-Weighted-0x713f,0x744e9465b5f5a1a2f8d5118ed383b1d8f02349ab,53.64214647234938,0.0000022959175984421173
USDC/stS-Weighted-0x713f,0x747276019e3340104c96397bf6537ad01f93d7df,0.19404047534762883,8.305054354794225e-9
USDC/stS-Weighted-0x713f,0x75454b2825ceeec63007dc68347d72f5119b17eb,1.056842209198494,4.523351108117947e-8
USDC/stS-Weighted-0x713f,0x769162779191b0a513d0d08db6135a144906c39e,6293.987729099362,0.0002693866323762169
USDC/stS-Weighted-0x713f,0x7716aa141f71deda152e1d39ff0d6f7a07d484fe,949.5602924228061,0.00004064177758582301
USDC/stS-Weighted-0x713f,0x77b70eb23449bd282aeebf12c7b657cb64af7740,415.7300636249718,0.000017793508128352685
USDC/stS-Weighted-0x713f,0x77fca3e46cad03439f3dcea110f8772159e5cc62,164.5496966644623,0.0000070428304837687615
USDC/stS-Weighted-0x713f,0x784a4ca4982c5c3ebbe37c8e4f9483a04e74cb7b,19235.920231351913,0.0008233094811773545
USDC/stS-Weighted-0x713f,0x78d4c94b1284d46d238c6afbbbd115385b1b36ec,2297.476122215898,0.00009833342265144094
USDC/stS-Weighted-0x713f,0x78e87757861185ec5e8c0ef6bf0c69fa7832df6c,17167.772132580118,0.0007347914421275497
USDC/stS-Weighted-0x713f,0x78ff6a5f1bc5e89ae3b49d300e2137490f95b9eb,6101.5282584037905,0.00026114924601464417
USDC/stS-Weighted-0x713f,0x7909acc2c9fba6cf01cba70e5f00e6b47ca68b55,1.9392252933045877,8.300006191096554e-8
USDC/stS-Weighted-0x713f,0x7909d72df53b939f37ecdaac3b021dce4168f860,6520.174351426099,0.00027906756203476105
USDC/stS-Weighted-0x713f,0x795aeb7aaa511a93cc8f5ab86fc71bab70b0fa42,48.707281130388495,0.0000020847022588324264
USDC/stS-Weighted-0x713f,0x7a841f2f73e0f7d2c55c2dd0687a954a781830d2,122.56362088378626,0.000005245800040103211
USDC/stS-Weighted-0x713f,0x7a921b0365b4571bee00ba5a1dbb422b11f13f9e,11668.732378717923,0.0004994290829435648
USDC/stS-Weighted-0x713f,0x7ae34f7a28731f99c707e35f05ff0f4d14775e59,28.60734084537816,0.0000012244121760748608
USDC/stS-Weighted-0x713f,0x7b094acfb5ac34f1baa23649092d8b5a9892ec1e,41.78336899159953,0.0000017883544656339048
USDC/stS-Weighted-0x713f,0x7c568cd932ec35213c13adbb9467b381578be96e,1332.1039806561014,0.00005701488798028688
USDC/stS-Weighted-0x713f,0x7c88c73f45338e7ee38b246082ab85297f5de5f1,37007.55498310684,0.001583946623105889
USDC/stS-Weighted-0x713f,0x7c99747a7f0242e002acd4e64048274c2ee17d73,24261.06164367324,0.0010383886933627933
USDC/stS-Weighted-0x713f,0x7cf80eb70b99251463a5fa981e3592873e47d5c7,1075.0154986718833,0.00004601133929774879
USDC/stS-Weighted-0x713f,0x7d14ace170ad49aab07838f1ad1412541b1dba56,10043.558068993374,0.00042987060060065656
USDC/stS-Weighted-0x713f,0x7d8ae2705a89c208ad760d3832a5ba90db8691a3,117.7656228772555,0.00000504044270851018
USDC/stS-Weighted-0x713f,0x7d9ea6549d5b86ef07b9fa2f1cbac52fc523df65,580.8439500054052,0.00002486048628671955
USDC/stS-Weighted-0x713f,0x7ddec281b31b588eae53334e3560f63f803db645,109343.49265391678,0.004679970239234517
USDC/stS-Weighted-0x713f,0x7ea415dffab9260af4d91252dc7646da55fafbd9,1132.73071378562,0.000048481586795130436
USDC/stS-Weighted-0x713f,0x7f514ea5abb2099e075eff21231427ca0279e979,99.62482053213249,0.000004264004961458113
USDC/stS-Weighted-0x713f,0x7f7b476911f58cdfcab3ac17374dc94bd3b870c5,172.83150608170683,0.00000739729713431185
USDC/stS-Weighted-0x713f,0x7fd9a5adea28d7b369278d57f90ab174689bb3c7,216.08029645476952,0.000009248372556508686
USDC/stS-Weighted-0x713f,0x7fe367156de797523ea25cca3d7aed9c2c24ddf9,18.586334677975834,7.955068110426189e-7
USDC/stS-Weighted-0x713f,0x80fe9e3dbbb75d44fce3e277ee73af1bd34b62ce,74449.2067119871,0.0031864728598847954
USDC/stS-Weighted-0x713f,0x81e14e07493bd2a3ad29bb7dab1f26de9c98151b,245.40873310255003,0.000010503648086341243
USDC/stS-Weighted-0x713f,0x8244cbabf39b4d8ea4f6eaa8a8b8bc588409839c,4008.7233476097476,0.00017157587990643136
USDC/stS-Weighted-0x713f,0x831602bcbd2b42a11b5ba058cbb1451f32772a5b,182.2592903196806,0.000007800812227754962
USDC/stS-Weighted-0x713f,0x83678fbcbcf8af5a083027097098fae2734edfd4,14283.326154735158,0.0006113353405768136
USDC/stS-Weighted-0x713f,0x83cac2cffc90b22fb063bfacfce4cb8544724cda,118.43244877558163,0.000005068983276249264
USDC/stS-Weighted-0x713f,0x83e79f5fbe8d6dd7e8b44ee505c24bd9a77f5d02,25661.69015923636,0.0010983364745243622
USDC/stS-Weighted-0x713f,0x84e39518b9a8b298709604e8fd5525307d53a710,280.17801366346004,0.000011991795156781701
USDC/stS-Weighted-0x713f,0x860c757c524590fa1d39e3e9565025d2b481b7ae,31230.993051010177,0.001336706140191435
USDC/stS-Weighted-0x713f,0x86ec3c4ff2559adac1cc7981912de195f58aef45,6.725727055333641,2.8786534701064663e-7
USDC/stS-Weighted-0x713f,0x870f300a3d53c9aa6a61074f2739553cdd35357f,2949.929216116111,0.00012625882532367854
USDC/stS-Weighted-0x713f,0x879f50787ab4a36aa3cdf971691bfc8058da203c,0.3961403857551044,1.695505759780905e-8
USDC/stS-Weighted-0x713f,0x8807842d0846034b52b3c70bd975ce349ae4b683,87.50882029380341,0.0000037454325328874652
USDC/stS-Weighted-0x713f,0x8855b2c6653b9a4696a07f3fc9dc8938d2901837,192.21766596549926,0.000008227036967082233
USDC/stS-Weighted-0x713f,0x887e8b6119b38c60cb03cab204c0a704c6e0a473,596.5352099417036,0.000025532082078436182
USDC/stS-Weighted-0x713f,0x8880a14961d17e9e207dc41caad05ca3509092f5,116.99111192423423,0.0000050072931527193004
USDC/stS-Weighted-0x713f,0x889f854ef588db36b2979d7e29c27e8d6879b4e5,4014.621089040005,0.00017182830694806303
USDC/stS-Weighted-0x713f,0x8938d755c9ce4ca951032e4d29cea8e840ca76a8,134.1258632794462,0.000005740671284812494
USDC/stS-Weighted-0x713f,0x8a6eeb9b64eeba8d3b4404bf67a7c262c555e25b,268.7669506172833,0.000011503394483289745
USDC/stS-Weighted-0x713f,0x8aec270ead1e02e7a49fd56d20b00507edcefa93,8.451247973136976,3.617187272758596e-7
USDC/stS-Weighted-0x713f,0x8b575aca87eec0e9992d6e5b328a769cf66c21b0,5271.667493764278,0.00022563068348332196
USDC/stS-Weighted-0x713f,0x8c67a62b80f55c4dbb23b275bcd5007c6953bc2b,0.002949554116672373,1.2624277083162932e-10
USDC/stS-Weighted-0x713f,0x8c8efdbfde0e4799b6e82a0bb8c477aa70a6a9fc,110.74994757265382,0.00000474016739411549
USDC/stS-Weighted-0x713f,0x8ccfcfa7e6133e0875192974d0d857fb7a28375e,1989.0661089286834,0.00008513328015887914
USDC/stS-Weighted-0x713f,0x8cf6b98f59487ed43f64c7a94516dca2f010acc8,20.299429408962318,8.688283426986595e-7
USDC/stS-Weighted-0x713f,0x8d618eb95eb755d0e4ea6af4737ae3dcb684f949,0.3484898339377046,1.4915584018029036e-8
USDC/stS-Weighted-0x713f,0x8d6e361347f7dd8f297a3396098dd4343f5bbb45,0.4370600728407975,1.870644593479915e-8
USDC/stS-Weighted-0x713f,0x8d893429b077455f0db9bc005536f441785eeeb2,5571.4622166194085,0.00023846208612821735
USDC/stS-Weighted-0x713f,0x8e8cb3243653351d0a64780136f1784c839c294d,24530.919503270292,0.001049938779436365
USDC/stS-Weighted-0x713f,0x8e947e7c08f74db75499e097b9cecaf0221dbfbc,168.00553509643686,0.000007190742541639766
USDC/stS-Weighted-0x713f,0x8f80791dcdaeb64794f53d4ab1c27bf4c21a4f41,383.20934834455085,0.00001640160106578331
USDC/stS-Weighted-0x713f,0x8f9be4310f9abb0e5843cc6363908c9b01dfeb3f,1976.0165364474087,0.00008457475025129335
USDC/stS-Weighted-0x713f,0x8fab7fcb0d9a935105386becbb9fbfb4bbcbe5fe,2.49653729511165,1.0685336601823867e-7
USDC/stS-Weighted-0x713f,0x903ba2a742ca284b77352fae1a6e37264e3c0387,971.5680331908484,0.00004158372272885239
USDC/stS-Weighted-0x713f,0x90660dae63ee2736a40c38651416868f3876eabc,803100.6881323614,0.03437321443045729
USDC/stS-Weighted-0x713f,0x910bd94fbe21ad95902b4ce2f57a83c898c1c822,225.93547007264195,0.000009670180184147878
USDC/stS-Weighted-0x713f,0x91cca8cf03fdf510dade6649a25cc5ea6fc9bfb0,74.3602275631472,0.000003182664496365613
USDC/stS-Weighted-0x713f,0x920bcba669734d63db9899e968959e99adcfe850,3558.9641875905263,0.00015232590505538865
USDC/stS-Weighted-0x713f,0x92170e2e247ffc40dcac78d5acf6f0c0e4bad075,10793.54090970087,0.0004619703377615759
USDC/stS-Weighted-0x713f,0x9243fed0055c8aeaa31baf425c3e96c19de9cd43,16.71851850098058,7.155631042107386e-7
USDC/stS-Weighted-0x713f,0x92d010aad4fd7eed3f8f1b61701aed63c5d94b9c,9986.59419617909,0.00042743251102612495
USDC/stS-Weighted-0x713f,0x92efd4d4f3fcd2b2df240248216778f49df85853,119.17003409791504,0.000005100552391828388
USDC/stS-Weighted-0x713f,0x937545811348ac77b8fac0465418dbdb684334d6,183.50597260027388,0.0000078541710132606
USDC/stS-Weighted-0x713f,0x94bb26991e1d2c25feb6553ce968525ca4d405de,3902.111970889842,0.0001670128459470885
USDC/stS-Weighted-0x713f,0x95b4256d851e264eca0684a88ab231f7aef9a822,9.75886326893851,4.1768548414623114e-7
USDC/stS-Weighted-0x713f,0x95ffefbab7dab3ff2de065759d27e6cfcc60c02c,1009.1617619032351,0.000043192757956149236
USDC/stS-Weighted-0x713f,0x96fbc6f89be263d775c071045d0dd85ebc97da9e,2335.267275179136,0.00009995090776081181
USDC/stS-Weighted-0x713f,0x976d27d230f1d6fb0613d8cb40d368e9ea083ddd,596.161166374958,0.000025516072778586154
USDC/stS-Weighted-0x713f,0x97d37e8b619cf4c6145da456766ca4fa157292d3,2914.7545849899816,0.00012475332899416797
USDC/stS-Weighted-0x713f,0x98378ca19523d3935cdcdb3f3f4ebbc5a3f4b873,189.61104067518121,0.000008115471765647382
USDC/stS-Weighted-0x713f,0x98519638464d2fb1827418f30b616d78f5b76550,111.4615403454997,0.0000047706240122327985
USDC/stS-Weighted-0x713f,0x98925015551455e94710524c11c3678eb5424069,24966.60127038476,0.0010685862330194183
USDC/stS-Weighted-0x713f,0x98b162652701f18621bf475f4a096c4479818845,987.6774874463655,0.00004227321750038628
USDC/stS-Weighted-0x713f,0x9950dd62617f6123551aa61de4a31a0dee02a4e9,344.0718734170976,0.000014726492529795758
USDC/stS-Weighted-0x713f,0x9960c607e01a64d4c965ffeea8fdde6a6e2ae0f6,208.56347465364362,0.000008926647856948907
USDC/stS-Weighted-0x713f,0x99cab220da9194de4f59e2f8155d48c54e8d4e07,6094.671663054356,0.00026085577942235787
USDC/stS-Weighted-0x713f,0x99f06631425f01514e774bf3208909fdeb5305b3,775.7598541502798,0.00003320300954449318
USDC/stS-Weighted-0x713f,0x9a1abc22708c1e1b662043ee396c027aea6a7144,19.096046712393395,8.173228066154329e-7
USDC/stS-Weighted-0x713f,0x9a27deed74ea75235cc8234deedc806c8d3ee507,854.4715820592643,0.00003657192099182271
USDC/stS-Weighted-0x713f,0x9a74f61bcc62e151e2a49f72712916da11af1409,174.71218134112576,0.000007477791217957073
USDC/stS-Weighted-0x713f,0x9aaed9fbf4dab79296190817b85645d3c9dcbe7c,3446.9134431340053,0.0001475300627367209
USDC/stS-Weighted-0x713f,0x9ac6bc865a396177abef29a78fd613d36c03fe29,0.014882148227845624,6.369653018368201e-10
USDC/stS-Weighted-0x713f,0x9ad92f7f5ef6f4bff83c2e10298a927f0ad7952a,6741.270929704111,0.00028853063460747183
USDC/stS-Weighted-0x713f,0x9c769e858fa32299bdd500143889b60fdd761c83,211309.8013392281,0.00904419236594343
USDC/stS-Weighted-0x713f,0x9cc2611b694dcc926aeb7a741f69d78aa9b58326,463.9091838967034,0.00001985560477033449
USDC/stS-Weighted-0x713f,0x9d04181afce69a1780b8035b904e5a4a2779ce78,86235.18606821544,0.0036909201871890523
USDC/stS-Weighted-0x713f,0x9d2dacf09e1312215f4d2dc55119a3a39693871f,1.0230500163605738,4.378718397966197e-8
USDC/stS-Weighted-0x713f,0x9d532fe12ce5e69f048c77d129caf066c3309b06,6.363198999011461,2.7234891824752565e-7
USDC/stS-Weighted-0x713f,0x9e4ad3c4dc222aac04eecd7e71f41510883ac561,2233.5799683576333,0.00009559862708930635
USDC/stS-Weighted-0x713f,0x9ee7f3f2f0dfd73b05c04dfa0f0684c0ed034fe0,1406.972632868887,0.00006021931337134728
USDC/stS-Weighted-0x713f,0x9fc7e5c04202d7397e208ea820058d80477939fb,3.135512663048992,1.342019135446613e-7
USDC/stS-Weighted-0x713f,0xa020322c958defb28d3f8c3374beb9b01a906800,4101.51120838649,0.00017554725869137485
USDC/stS-Weighted-0x713f,0xa05ac74dd0ee97188f5f51d4a03e7f8b786bae5a,186.32794531121064,0.000007974953219705355
USDC/stS-Weighted-0x713f,0xa08f5d8e362a20686f0edb9128f6b854e5d20748,941.141581605098,0.00004028145146925841
USDC/stS-Weighted-0x713f,0xa0f80b73e5c3855c0567cc998668e2dce40dcc02,15457.79494434578,0.0006616033432615678
USDC/stS-Weighted-0x713f,0xa14a265fa3cb4e2c1e53967b355eb57f85141dbe,0.02147981966138939,9.193497877152902e-10
USDC/stS-Weighted-0x713f,0xa182dd254f6d72294d650c57d9b035660fb13a1e,66086.54147327121,0.0028285455293417324
USDC/stS-Weighted-0x713f,0xa1a9e84b39eb700e062a09659029a75b9c96561e,2972.5783696515214,0.0001272282233364626
USDC/stS-Weighted-0x713f,0xa21b23e5f07e5e28cb42d09502227eb75b0b64b5,30.77228766797658,0.0000013170732613701182
USDC/stS-Weighted-0x713f,0xa2d30b5c2c84f8c0e47a0dfebb3eda04a6a2ca28,878.5049716991361,0.000037600565180265855
USDC/stS-Weighted-0x713f,0xa2e5450a2ffb007fd065b344ab8cb3fff9cc8fc3,8.469575034045159,3.6250313700652736e-7
USDC/stS-Weighted-0x713f,0xa306739ba713ddffe693e4eaa28b808a8d391289,160.62482712908115,0.0000068748435997518104
USDC/stS-Weighted-0x713f,0xa375d02a6b3862d03cfe59f09fa742f3ff2d7e68,116.52287835406715,0.00000498725246149748
USDC/stS-Weighted-0x713f,0xa380dace2095adc258d2be066e2a60a9dbacf7ad,10811.030267103928,0.00046271889325548817
USDC/stS-Weighted-0x713f,0xa3ed9c58cbc9ccb0305e6d9885bbffe15dff45c2,153713.53149000555,0.006579035800674098
USDC/stS-Weighted-0x713f,0xa552559fe2b34a3170e06e518a0c0571edc37a7b,117.99009778191629,0.000005050050375576318
USDC/stS-Weighted-0x713f,0xa5d896accc301fcaa21f03592269310e7444aa40,3428572.5835096175,0.1467450624123231
USDC/stS-Weighted-0x713f,0xa66589142c46a20e747c68987a0cd46e5bc9ffc8,617646.3737918092,0.026435653165622953
USDC/stS-Weighted-0x713f,0xa6a53341eaa1db95699e8d038ed6aa5b9768c7a6,17.351324696212767,7.426476072662918e-7
USDC/stS-Weighted-0x713f,0xa773204b4e128590572f39e849244fcc8195862c,285.87706095115794,0.000012235717964175773
USDC/stS-Weighted-0x713f,0xa7a7e108a88e137ff754306a9501e65c980a65e6,77067.98197428753,0.003298558087760224
USDC/stS-Weighted-0x713f,0xa7e83cb66882238f6054ac5fd0733a6b5f7a7d07,2104.077487736685,0.0000900558394893954
USDC/stS-Weighted-0x713f,0xa88f54b7754f8c5de32032bf621b91de208280f0,169.25681295644495,0.000007244298020833992
USDC/stS-Weighted-0x713f,0xa8a86a59d1edadcc6e907bc6e5c72a18d99db6c3,2473859.678691096,0.10588274977607344
USDC/stS-Weighted-0x713f,0xa8c24c16ad11d008eba1695d37417b47ab461a98,405129.31994382077,0.017339789633201222
USDC/stS-Weighted-0x713f,0xa953819c77bafb5262c7ae10d1e482f4b3d8d1e2,285.55252839875027,0.00001222182776687123
USDC/stS-Weighted-0x713f,0xa95a96085c090ec5cd6cb5acb1b7077317e01773,2159.5329602087604,0.00009242936858081963
USDC/stS-Weighted-0x713f,0xa9a979fcb2d8caa59025a3fdd1bc8a1b591162b6,22729.540986407206,0.0009728386462332059
USDC/stS-Weighted-0x713f,0xaa119df55b9aac2d6f108a95bed24944bc8c7c42,386.8435731803002,0.00001655714817390273
USDC/stS-Weighted-0x713f,0xaa3163db743b6000d70439a0d410d24a8f9d172d,140.33690737825356,0.000006006507877658427
USDC/stS-Weighted-0x713f,0xaa560ad63cde52ac6249c493642cbd3dc7e0b7a2,8637.218298152271,0.0003696783741220331
USDC/stS-Weighted-0x713f,0xaac2bc20cbf7267942e57bc8b58552ce7b5ff81b,6538.4024330627835,0.000279847735390372
USDC/stS-Weighted-0x713f,0xab12253171a0d73df64b115cd43fe0a32feb9daa,18.2439656900664,7.808532030833015e-7
USDC/stS-Weighted-0x713f,0xac86f57982301fee6d9597f2c008333ae38765e7,796.3947249678455,0.00003408619499040089
USDC/stS-Weighted-0x713f,0xacd327490eeb54cc7d1c9c28e3b5a39f0e472be3,20422.655012245243,0.000874102476001691
USDC/stS-Weighted-0x713f,0xad536c14ca62592466a867707a70c78cfbaae801,132.73098669840948,0.00000568096969006539
USDC/stS-Weighted-0x713f,0xad7ed588f4856b1660e9d2c3590c261e0a3e4111,5.3139648636823305,2.2744103751180455e-7
USDC/stS-Weighted-0x713f,0xae0f2b0fa49a2d80d46e9537f539fc9daac22c7d,859.3767654090848,0.000036781865923505174
USDC/stS-Weighted-0x713f,0xae3e712b919b9ff2a6066dcc3fed0f34252b9d62,184.4896683606654,0.000007896273810339384
USDC/stS-Weighted-0x713f,0xae8137046c6baa9f732f551287a9900ae46b7314,38.17542833399543,0.0000016339323368662211
USDC/stS-Weighted-0x713f,0xaecbb4295038162ab6fd916815b1be7ccded7312,5815.96241329707,0.0002489268482842985
USDC/stS-Weighted-0x713f,0xaf7ddd6bf6bce207ef2d544ff6142bcd800bfb20,9.080171462768849,3.8863704809032876e-7
USDC/stS-Weighted-0x713f,0xafccdc2f3cda6b5488a41a037614899793a468a4,20.44202708759905,8.74931613007722e-7
USDC/stS-Weighted-0x713f,0xafcf68a7e5919051b0bebda0ba9cbea1c7903b7b,134.49340840608514,0.000005756402447339835
USDC/stS-Weighted-0x713f,0xafd7d35a4c58105bc054f38a46acca7319a3f202,481.70400067415835,0.00002061723411753952
USDC/stS-Weighted-0x713f,0xb0707ee699c79950d57a1005ffe3649707fdd63d,13880.298583027505,0.00059408550708967
USDC/stS-Weighted-0x713f,0xb0d2bd3144d05b96b50b50d23112b6c700fe7dbc,32271.063707560155,0.0013812218182735422
USDC/stS-Weighted-0x713f,0xb0e1d29d1a22c285481d8452f3b6378af00bd7e1,113.83778574326338,0.000004872328809406695
USDC/stS-Weighted-0x713f,0xb0e3f1c86bcb05fef30b5082da5e50e041dc154a,6795.689003431029,0.0002908597623803016
USDC/stS-Weighted-0x713f,0xb0f38eb1f1306ea81028fdb4d8e92366b1cce170,501.19697070049557,0.00002145154549157153
USDC/stS-Weighted-0x713f,0xb0fabe3bcac50f065dbf68c0b271118ddc005402,103737.69967883837,0.0044400387750575575
USDC/stS-Weighted-0x713f,0xb0fae6175f7e8719885fe0d02c473977c30446fa,24913.345826312016,0.0010663068665268322
USDC/stS-Weighted-0x713f,0xb1053a56b3b5ff12a0e03d57cfdef9b8281a3892,117.67674649893476,0.000005036638743633839
USDC/stS-Weighted-0x713f,0xb1561cacdff8d0077e1fb4c011a93267916a9a65,2448.540728193004,0.00010479908277455591
USDC/stS-Weighted-0x713f,0xb1d2c9c7766e40df7bb5e74bba15d91560e232d8,338.58730396779856,0.000014491749508745799
USDC/stS-Weighted-0x713f,0xb208420c52fa932433956a5503a464df49242c0d,199.68859899388693,0.000008546797598314605
USDC/stS-Weighted-0x713f,0xb2086b21c9069fb0ab38d2a2cf79938531cf3e89,42872.03122106483,0.001834949893590484
USDC/stS-Weighted-0x713f,0xb29b870982bfd2963f4b3303294f906a223b6825,9.834083025554817,4.2090493702653175e-7
USDC/stS-Weighted-0x713f,0xb2ae7773e14d857d1202cfc2a6a5a2a3de1525f5,8866.672963885638,0.0003794991780932807
USDC/stS-Weighted-0x713f,0xb3d53c6e5b875a72e9307b824446cfebff4082a2,149.74813067228897,0.00000640931415228769
USDC/stS-Weighted-0x713f,0xb3e1b74963301d2ebd72eceae539007c3aff3424,4921.310974205243,0.00021063520414695434
USDC/stS-Weighted-0x713f,0xb40ed15cc268114968d0ecc32a7f4bb14fb3d454,117.65467227693408,0.00000503569395305225
USDC/stS-Weighted-0x713f,0xb434b0c931d4729d91d423a0103ebd6ab439c846,837.7955491002568,0.00003585817629552273
USDC/stS-Weighted-0x713f,0xb4773a58bfa5eb5f1029334d5dbde2f12cd35d42,21527.367525972357,0.0009213848662168682
USDC/stS-Weighted-0x713f,0xb4b60d66f636efb9e5d029eecd757e936f7390e7,336.8102256649044,0.000014415689439980141
USDC/stS-Weighted-0x713f,0xb5e6b895734409df411a052195eb4ee7e40d8696,1171.53311354275,0.000050142353903137605
USDC/stS-Weighted-0x713f,0xb6398fad2f8d238afd3a522a8ceafd400e71ef62,23189.291232779644,0.0009925162458624204
USDC/stS-Weighted-0x713f,0xb65688e246b11c768a1620f47b327ed08b8b2b4f,9849.174487877783,0.00042155086110325345
USDC/stS-Weighted-0x713f,0xb67a6a3b67dedd85f773056be02aac638e86964a,114.51914108259295,0.000004901491246356633
USDC/stS-Weighted-0x713f,0xb7183551ddd8d6f466d95e08efb149e69b0e7de2,182.59349632415848,0.00000781511645489064
USDC/stS-Weighted-0x713f,0xb7300fbee0a8e4f96550e829e3d07b85b77d3fb3,20639.097814037556,0.0008833663640145849
USDC/stS-Weighted-0x713f,0xb7542735bcad39f7294f981ed0adfe887ca18225,440.0174114619972,0.000018833021887319337
USDC/stS-Weighted-0x713f,0xb80b746e7c2aaf793b9d0032010ed099a6623fd6,159.3347061838267,0.000006819625612085055
USDC/stS-Weighted-0x713f,0xb85eedeba4e86137cadadba16a0d62e99732c072,156.83794597592984,0.0000067127627052594445
USDC/stS-Weighted-0x713f,0xb8d1b670aeedbb6f0805b86d0fa9d1348419c29b,272.8395246015549,0.000011677703210593683
USDC/stS-Weighted-0x713f,0xb9835d4803e35d25b330b48e2a34c749be2268a6,183.27567143704616,0.000007844313978664328
USDC/stS-Weighted-0x713f,0xb9f62d73f3453763081898f67309cf9b31bd0694,141.44152138233588,0.000006053786051598866
USDC/stS-Weighted-0x713f,0xba397faae1d5fe10c0356f2e585bef34577ab111,0.5803885361539893,2.484099428752114e-8
USDC/stS-Weighted-0x713f,0xba4a0773e9935ca8e15bb52531d1514a8ab925aa,24.207828899194485,0.000001036110298427103
USDC/stS-Weighted-0x713f,0xbabcfed5146b3e63c43c5ae1623d3a47cf919c4f,239.14818201331988,0.000010235692563175917
USDC/stS-Weighted-0x713f,0xbb0c1e9297b0d851402475dc6689ae5ffcb9bbd9,7597.107292546252,0.0003251609690749566
USDC/stS-Weighted-0x713f,0xbb18ed77983c6ca915f6f0fe39963e185bf1064f,1030.7005006760676,0.0000441146295188818
USDC/stS-Weighted-0x713f,0xbb1a1df638140bf6a6e65308eb64f9e99cac76d7,2057.414551083152,0.0000880586364596274
USDC/stS-Weighted-0x713f,0xbb2412c4af7e9f931bace78ff7957a640916acb4,130.48045184832958,0.00000558464538337738
USDC/stS-Weighted-0x713f,0xbc37255c44917127473ee7776425762e40e2bf27,294.3468854708044,0.00001259823177932291
USDC/stS-Weighted-0x713f,0xbc622c6bcc9200c68d525adf5c8b1b9c3d1c6de3,105.88693537600652,0.000004532027414305465
USDC/stS-Weighted-0x713f,0xbc85b7c497bfca12886efa8557be0232a767d384,655259.5881180105,0.028045522389443345
USDC/stS-Weighted-0x713f,0xbcc8cb0a825c61355a460da85159f1b43d5d49ab,5006.99852452897,0.00021430268517993366
USDC/stS-Weighted-0x713f,0xbcc91928e56399edd12c496147fd2606ec513642,111.83768362531934,0.000004786723181122671
USDC/stS-Weighted-0x713f,0xbd1bff03034ac340235e48ee35c85b1121b8198e,4331.401543546214,0.00018538670958801327
USDC/stS-Weighted-0x713f,0xbdf36b5870d9551928995c4be9f74228a1be80e7,55.17456346109277,0.000002361506009122536
USDC/stS-Weighted-0x713f,0xbdf81b19af7848f7384c38e68208885ff0c9f390,17287.479079319346,0.0007399149747180294
USDC/stS-Weighted-0x713f,0xbe1d7136dc7da1a6c01fb8a8732c0a8095380494,664.018741949985,0.000028420419681084314
USDC/stS-Weighted-0x713f,0xbec2027dd208e21e8d25821506562aa658c0ebd0,5046.569491430767,0.00021599634744499677
USDC/stS-Weighted-0x713f,0xbeff46f500c3dd2a6301b9d869fc49b47302327c,746.1532101808607,0.00003193582656636165
USDC/stS-Weighted-0x713f,0xbf21ba013a41b443b7b21eaabbb647cec360fa68,428659.8794738628,0.018346912376771166
USDC/stS-Weighted-0x713f,0xbffc429c38d2d597847608b2a5f3b2e090a12668,4084.9853467376506,0.00017483994142157566
USDC/stS-Weighted-0x713f,0xc025c6ce25a1803f4512cd67ac30913cd363e0c7,3426.917002451788,0.00014667420250204198
USDC/stS-Weighted-0x713f,0xc16e60bf10f6cc11adacf22b9d537f91fdd69bdb,916.4608181787609,0.00003922509927569504
USDC/stS-Weighted-0x713f,0xc227f7251119e6a5395086a6c908dd76986e81cb,1806.9306373766512,0.00007733776745223503
USDC/stS-Weighted-0x713f,0xc2f8f4597237270c859ca80901af796a521ba7e6,39.89651974040909,0.000001707596131258742
USDC/stS-Weighted-0x713f,0xc41ac49915a7475ef55ba04e19a2c5d25709591a,190.56744452378578,0.000008156406451740916
USDC/stS-Weighted-0x713f,0xc42fe21ff1db9ad1a8df0051eec07d9f1331b25c,28271.35701994879,0.0012100318570845904
USDC/stS-Weighted-0x713f,0xc43bae6f4b9e7e7c8e5c61c24405c7066c50bea2,201.57140587059513,0.00000862738291652014
USDC/stS-Weighted-0x713f,0xc4694b7cfb2d40a9030ec45ee08e91bf6bfe2642,409.9394642885506,0.000017545666835706617
USDC/stS-Weighted-0x713f,0xc46b19ffa9caa62f7931f8fceb273090614aa67d,471.36595728253826,0.00002017475935996222
USDC/stS-Weighted-0x713f,0xc49db844fd8dca009787f26edbea50d8f8b983cb,375.6688902070779,0.00001607886471616568
USDC/stS-Weighted-0x713f,0xc52d313ae152445c889c498b3b18d18a5a072ea9,3856.2857420836312,0.00016505145453929598
USDC/stS-Weighted-0x713f,0xc5cbd33ad0d517eecc947c1cc3c593e9b3cf2287,22081.234627675392,0.0009450907264335844
USDC/stS-Weighted-0x713f,0xc5d45215944f087beb996ead9537269bc2595b36,994.0354833661304,0.00004254534372357043
USDC/stS-Weighted-0x713f,0xc5ef0d175e5ef106aae0830849eb368d83d1ab46,561.231690505478,0.000024021069248210345
USDC/stS-Weighted-0x713f,0xc677e71b02adc94534de993a907352f748d21143,10499.750880921161,0.0004493959397987755
USDC/stS-Weighted-0x713f,0xc6eb0bdc91b93f572f44018551780ae7665b647e,139194.31355073577,0.0059576041433937734
USDC/stS-Weighted-0x713f,0xc767094b8405a4029f5b3ef36446f7d316ea9abc,166.69037558976183,0.000007134452887800316
USDC/stS-Weighted-0x713f,0xc7b77336ebf08a7938b1eb2ede0f392a2568e45a,61421.53704478442,0.002628880406513471
USDC/stS-Weighted-0x713f,0xc81ed0d62572d1d227f1fa038959563d1ac4ff69,178.85621957229503,0.000007655158659963943
USDC/stS-Weighted-0x713f,0xc8cfbb829640efc451a87f4872f2a7bb2518c42c,794.1289428722903,0.00003398921809201929
USDC/stS-Weighted-0x713f,0xc8d78c68ad5a1183e7c9c60245755ebf820ee14a,119.17217573084771,0.000005100644055064535
USDC/stS-Weighted-0x713f,0xc8d9b774f920382e9b69900c9506e7126d3ee899,28.06867639720297,0.0000012013569989883506
USDC/stS-Weighted-0x713f,0xc9b7411fd802bdfa055cfd469d1aecac2ac64394,46.136489619614984,0.000001974670765693856
USDC/stS-Weighted-0x713f,0xc9c17b24a3e97783c018ee20259502341ce09732,1688.6551848474837,0.00007227550371404931
USDC/stS-Weighted-0x713f,0xca9a981ac604dbbabc95c933a9a1901d1788f104,2248.1087757719574,0.00009622046918214872
USDC/stS-Weighted-0x713f,0xcb555995227f34d38704ac5566482e4f7954a3e3,602.4014818052614,0.000025783162202825516
USDC/stS-Weighted-0x713f,0xcb6586874cc04b01cc4fdb777de502cea7b3d6c1,1586.591761524566,0.00006790712501978653
USDC/stS-Weighted-0x713f,0xcb968b168556d1b0c1fbc99d5fb88042ea81dca9,4451.533794924322,0.00019052844548446258
USDC/stS-Weighted-0x713f,0xcc378e096db2eb4d3d803986d4893a7572f0e411,100.65456514261992,0.00000430807867827587
USDC/stS-Weighted-0x713f,0xcc3b44dbd9a4e30bffc1120deb2f9ce1a0abec77,170.04608655885426,0.000007278079427301227
USDC/stS-Weighted-0x713f,0xcc7cf14f0f7c345873d57cd939fc93796b455b4d,4128.29230448233,0.00017669350644385252
USDC/stS-Weighted-0x713f,0xcd263ee07100f93923937a74388b7f8b25794653,3525.8648566577417,0.00015090923287907273
USDC/stS-Weighted-0x713f,0xcf3939281e2b68538909a7627643efa3c5dd89e7,2124.343584775967,0.00009092324118571282
USDC/stS-Weighted-0x713f,0xcf4bba88e5103bd0cd7720ec1c04efba15eff002,12.8131909564945,5.484126296918238e-7
USDC/stS-Weighted-0x713f,0xcfce103dd318fea578cd554aa658f8bedc63b3a1,2882.850349791989,0.00012338780766676051
USDC/stS-Weighted-0x713f,0xcfda6d2957062957e09a4c7909204ab0e3987f96,6608.855435058742,0.00028286316817565353
USDC/stS-Weighted-0x713f,0xd00eead7c77b3481c076b0daa6404561d69fe308,193.22702671209046,0.000008270238241708148
USDC/stS-Weighted-0x713f,0xd0ac2a29db9d2b139c07991f0a1b4f5c50b08286,4467.241846954866,0.00019120075998837154
USDC/stS-Weighted-0x713f,0xd1b3d11dd52c298d865b217d0a1bfd7b16f9ad26,7236.192062868086,0.0003097135703063221
USDC/stS-Weighted-0x713f,0xd1f4cf428835a775916dd767e11553b5649eaf87,2640.992656575206,0.00011303614632037394
USDC/stS-Weighted-0x713f,0xd27fd833a15cf34b871a627c253b5b10164f3fdb,6350.781777892945,0.0002718174533758796
USDC/stS-Weighted-0x713f,0xd2c637eb039c944a7a3d8c58512008374d22eae7,1.929958709775365,8.26034463092177e-8
USDC/stS-Weighted-0x713f,0xd2d281a66855977a337ca1bb9bf0ac07249538c7,42636.13945161086,0.0018248535775324346
USDC/stS-Weighted-0x713f,0xd31f6bcad59e7f4d6f00bcc9c786981d7b10abfb,4125.65032255891,0.00017658042795628916
USDC/stS-Weighted-0x713f,0xd48372cf9fe1908d3d640a7d48f17e0b2783e587,408.5392889882276,0.0000174857384524423
USDC/stS-Weighted-0x713f,0xd5251f5e442c403310435fb5ceb0a5500d8d36e3,6267.4621026670675,0.0002682513188859747
USDC/stS-Weighted-0x713f,0xd588a467c361c3f7b3a85b100fe550c61ed0b5d0,3.110091284181783,1.3311386254454008e-7
USDC/stS-Weighted-0x713f,0xd63143fa4e94ee99d5de436130b207b6544bb216,3.353288619505119,1.435228614154352e-7
USDC/stS-Weighted-0x713f,0xd6cc4fda4dfb82352678002f8769d250345a9617,180.33784083962976,0.000007718572981828438
USDC/stS-Weighted-0x713f,0xd7123df9b92f7dc8542fb8231d29ee052a8807d9,855.841565835183,0.00003663055715885852
USDC/stS-Weighted-0x713f,0xd7293ca0a8e563f76993e43a22855a9ed7b8d150,49.19286676626838,0.0000021054856293774886
USDC/stS-Weighted-0x713f,0xd76ef4503b5ee13c9450e200bab900229366c3cd,6802.799739413032,0.0002911641063514619
USDC/stS-Weighted-0x713f,0xd7a76d1c00651d76e6f63e05da83d16399dcf89c,104.72552809826499,0.000004482318452541602
USDC/stS-Weighted-0x713f,0xd7c16e19d7f014bab642ecd52b39a9230e177a78,451.8057458396466,0.00001933757001102122
USDC/stS-Weighted-0x713f,0xd7d51d7600f3370a3a92869d16b2013697ac907e,145.83641816129028,0.000006241890397187259
USDC/stS-Weighted-0x713f,0xd84cdf1229fcd789785c1c3af1d087729275525b,0.35034864620582024,1.4995142351899337e-8
USDC/stS-Weighted-0x713f,0xd8bc75bfbdda718e04c800190be28da8acf922d4,63.28140682197078,0.000002708484002436947
USDC/stS-Weighted-0x713f,0xd935a63d629cac4cfc8f632a2f4aab3ca8d99e38,236.2157269012396,0.000010110181640492442
USDC/stS-Weighted-0x713f,0xd9a0a16e5a634bf5a02962b667f17c65bae14086,4.403640349377076,1.8847857590031698e-7
USDC/stS-Weighted-0x713f,0xd9e7a8ac8ae3577424c4232f774b3a372989f9af,124.7124806692535,0.000005337772590093952
USDC/stS-Weighted-0x713f,0xdab9dbfca2008886a5b24aafd9e73714d10d343e,50.678811872343886,0.000002169085014258857
USDC/stS-Weighted-0x713f,0xdb5a8796c994d435c4e181c1a6b74b606382d22b,1469.2418173249691,0.00006288447362005304
USDC/stS-Weighted-0x713f,0xdb6adb08cd839521ce471845d099b26e2d006894,69611.33692141568,0.0029794089908640087
USDC/stS-Weighted-0x713f,0xdbd01f6e39ccc30223cf98742714e4af5fa4a3ad,2326.2133068081366,0.00009956339222152534
USDC/stS-Weighted-0x713f,0xdbf47b0e9db63702d2e696de19ef954f411b513c,890.7747658921696,0.00003812572008680132
USDC/stS-Weighted-0x713f,0xdc11fb45c756e4378190150ca13d303a49cdf269,128.41289734084148,0.00000549615275040776
USDC/stS-Weighted-0x713f,0xdc46bb979bf5102d78ece8e9a91dbaec932e756a,611762.5276815593,0.026183820852424763
USDC/stS-Weighted-0x713f,0xdd66522e580d95517205f1f74791a7132e2873df,0.05805150296258646,2.4846408287654714e-9
USDC/stS-Weighted-0x713f,0xddc60d163015cf5ca1369d557a2ca1cc2de1f1e3,27104.707113449258,0.0011600985075133942
USDC/stS-Weighted-0x713f,0xde9aaa7836ce7e79a913de353552170a8fba452f,196.29505908446674,0.00000840155195638136
USDC/stS-Weighted-0x713f,0xdec6d3743f3de26081d43431a8db02f9e19d03c1,27671.058751184828,0.001184338713722403
USDC/stS-Weighted-0x713f,0xdf6d3e744aaef3eb695f47244523929c331c0dfc,3761.8060401885205,0.00016100766389068045
USDC/stS-Weighted-0x713f,0xe00e509c1968b4d586102a79fabe9dcefefb07f9,4204.187698339594,0.00017994187702289726
USDC/stS-Weighted-0x713f,0xe01ed95b71837c1df66e3f29aa46869b5800974b,5814.273919911431,0.0002488545797056923
USDC/stS-Weighted-0x713f,0xe0679160dda2874d2b219871f3d106e6841be783,128.1077423892386,0.000005483091926602024
USDC/stS-Weighted-0x713f,0xe06d67e2cd5c51cbe0ec603a1e314039875e0ab2,478.12345779896066,0.00002046398463108617
USDC/stS-Weighted-0x713f,0xe0a2ddd4840d43fbddc1a8ef74c6cef50279b4bc,483.47571284238643,0.000020693064512367318
USDC/stS-Weighted-0x713f,0xe1f9402fddf1be9561526a5b1ee42c55a8bf4356,124.70427378897462,0.000005337421330457645
USDC/stS-Weighted-0x713f,0xe1fb6bea15d8f6ed62e4962131fd8f6ba0d5cd5a,614.0336650247095,0.000026281026958770738
USDC/stS-Weighted-0x713f,0xe244f92f4ae9effd2d1d434edaa43f1af1c35496,3.3952346761562864,1.453181790151943e-7
USDC/stS-Weighted-0x713f,0xe32be4dc4d503a4beb9cd41f5440fe75ff7fcf22,26.906552840271637,0.0000011516173800247781
USDC/stS-Weighted-0x713f,0xe3be9912466dc21a13a09b3e419cf415af03e109,8.416461588275345,3.6022984813059334e-7
USDC/stS-Weighted-0x713f,0xe44fc78b68558ba406e22a4059a22b7ebfd62da0,29623.658793071027,0.001267911223282515
USDC/stS-Weighted-0x713f,0xe4e8a2b0f6bedf974c587f972dfee91547e9181a,5369.545933488428,0.00022981994224809878
USDC/stS-Weighted-0x713f,0xe53f4d44c45dbc16a20ab64f8a8b4404ddbbefec,812.3822541315777,0.00003477047129134161
USDC/stS-Weighted-0x713f,0xe55ac567304a182e3a2c5d1253c38d3d465ad3c7,125.41386093948087,0.000005367792106677711
USDC/stS-Weighted-0x713f,0xe5845761e7773976055f2559ca54be41f09d9e88,4394.035370815497,0.00018806747677840627
USDC/stS-Weighted-0x713f,0xe59ee782447b2428648c8cd1a5179a2364c9e420,254.00973260985648,0.00001087177627344121
USDC/stS-Weighted-0x713f,0xe5f273784654119d7f3160bf2c5e06ad3879393f,177.1548911681474,0.000007582340734495106
USDC/stS-Weighted-0x713f,0xe61bacfe4189b95f6f987ce19ca3c30073ad3e0a,134.49355341124485,0.000005756408653651848
USDC/stS-Weighted-0x713f,0xe629d73b655d5c5307a2b1d7439fa6c5b48b710f,93.5084323981251,0.000004002219703423955
USDC/stS-Weighted-0x713f,0xe660816b689517cdb5f1e3848a833cf099eac2de,4.335198898306293,1.8554923875946777e-7
USDC/stS-Weighted-0x713f,0xe6c36d23ede3763962ce03b534b4641be4cb3230,494.77619879905336,0.00002117673241689894
USDC/stS-Weighted-0x713f,0xe729e82c62ba98ee226dbf680803cfb4189dbe30,52.6612708171121,0.000002253935503637176
USDC/stS-Weighted-0x713f,0xe77a54ad04c4645c19ba6287566fbde7f8ca7636,1270.458894298829,0.00005437643952263427
USDC/stS-Weighted-0x713f,0xe7d0464315faa9ffb8f2395f86e5ae02fbc146e6,701.3260723570341,0.00003001719688082949
USDC/stS-Weighted-0x713f,0xe80c7acdc576570b04e3b53efa323a80fd68fdfe,11.20643647140904,4.796425274255946e-7
USDC/stS-Weighted-0x713f,0xe868b8c09fd2c8c3f74d54f34f7325ab1c94c71f,47.266213178707275,0.000002023023644377255
USDC/stS-Weighted-0x713f,0xe89d81a820cdf339934b8db77129078017bb1a26,0.0169707394665508,7.263583201301319e-10
USDC/stS-Weighted-0x713f,0xe9b3fc4a269285ab31f6477ecc19736a1efa5b0f,566.0916514853587,0.0000242290786340242
USDC/stS-Weighted-0x713f,0xe9f3cb25642616866f27a954115114c16e9451a3,3.784558704402376,1.6198149222558802e-7
USDC/stS-Weighted-0x713f,0xecb2b696491a22fb8a7e7089e1b1e82719a8e2a4,180.27671273504416,0.000007715956660515684
USDC/stS-Weighted-0x713f,0xed5456c84812168584e45a83e8571a5a15485829,2.0679143869182575,8.850803603551866e-8
USDC/stS-Weighted-0x713f,0xed7265bcf76368bd9ab3d959aa6493177e43a220,84.29718048057964,0.0000036079723294476445
USDC/stS-Weighted-0x713f,0xef06824683543b127c79712f2d8f68477c6f0cb2,866.8292452336603,0.00003710083674601127
USDC/stS-Weighted-0x713f,0xef4d60032be235d2650ca729cc262c618d5bb277,5.19987850659426,2.2255806969254196e-7
USDC/stS-Weighted-0x713f,0xefe9afe1bdbc789aca2d63a7816e9a031931f1cc,188.62975467361986,0.00000807347210776175
USDC/stS-Weighted-0x713f,0xf02b93505ee2c2b87859636b55565bedc443456d,517.4023119941536,0.00002214514428863027
USDC/stS-Weighted-0x713f,0xf0a5e6a8883bf58c6946cbc43e2efd0cec997ce4,181.43904537270538,0.000007765705228265962
USDC/stS-Weighted-0x713f,0xf0fba98ab360ffe9a8c4b3ab77c7d243f4560481,811.6463553644948,0.00003473897436138769
USDC/stS-Weighted-0x713f,0xf13046ab6037de1c3ab17846baa03ec895d8b6ba,399.31147506599535,0.00001709078221425144
USDC/stS-Weighted-0x713f,0xf15fd4731777e79440c6c678da06fd50f2477259,98297.57405175203,0.004207197977543951
USDC/stS-Weighted-0x713f,0xf1ae6201f681d8539ae07b74210b81187374b0be,48661.74357286286,0.002082753222736955
USDC/stS-Weighted-0x713f,0xf1c925cd1e1c9771ab47d0d962343ada1a3f730e,942.2183709432011,0.00004032753872999918
USDC/stS-Weighted-0x713f,0xf2e4a05cbae83fb3173becee7a31686e8a6ae3ce,349.770956221556,0.000014970416857329509
USDC/stS-Weighted-0x713f,0xf30d986388423f38961d3ad6882a5a64954fd89d,8.41658052785116,3.602349388192257e-7
USDC/stS-Weighted-0x713f,0xf33971ce19b7b1f69e5742ab28a6282fab0b551c,39805.65244658194,0.0017037069539468663
USDC/stS-Weighted-0x713f,0xf375dc67aa324dbaddc385d4cd152637c06c8107,1314.4845435339344,0.00005626076499260444
USDC/stS-Weighted-0x713f,0xf3d11ab72fcf0175a4b3bb66e9884fd093b717e5,466.65736107776337,0.000019973228481698933
USDC/stS-Weighted-0x713f,0xf4054880b73019f099d662a945ba595368de37c2,1792.1878483920525,0.0000767067668136363
USDC/stS-Weighted-0x713f,0xf46ccc8c1055b5ebc65d7d3d5c3c95f61131030a,30.509688034097536,0.000001305833831921147
USDC/stS-Weighted-0x713f,0xf4719541b568a4bfb89eec687c67801b2c4fb8ed,216.11777273448055,0.000009249976564844875
USDC/stS-Weighted-0x713f,0xf4b01dc79183c4db6fecf773cefdcba3464a0e9e,6360.169677766329,0.00027221926139343953
USDC/stS-Weighted-0x713f,0xf5373c37e31b7f9eb75a02b2a991da48922988f8,108.78028601861027,0.0000046558646411070045
USDC/stS-Weighted-0x713f,0xf54eeeb761f18da84a0c8162484ed32b7d490716,18059.546012312276,0.0007729599249149312
USDC/stS-Weighted-0x713f,0xf58e3439731e06e89251f1641a2f02b4a58bc4d1,1719.0891701632013,0.000073578097422023
USDC/stS-Weighted-0x713f,0xf59869812096f1f8abdffcecf067eb140b4ffc3c,5.443180813371737,2.3297156140767892e-7
USDC/stS-Weighted-0x713f,0xf5ef3b6587ef584e5a19702aaf77566e47a01c27,8292.110980396792,0.00035490756392348187
USDC/stS-Weighted-0x713f,0xf6178f40ebcd4e8f60723936f8983aea12524dc0,543.2180804481027,0.000023250075411050596
USDC/stS-Weighted-0x713f,0xf6503b1466bb4861725cc0d6e0bc8835a80e721d,22.16484323183157,9.486692272633804e-7
USDC/stS-Weighted-0x713f,0xf6a61046ffe93f2d52a3fde7c84802ed03ff7af4,123.9756307811203,0.0000053062349515610276
USDC/stS-Weighted-0x713f,0xf772a45ecd9c1d5c84397974d8cd641e295519a4,0.2690065446593826,1.151364925894495e-8
USDC/stS-Weighted-0x713f,0xf7d98533fca53f40d4dc794d26c019d17d21cb8a,6806.465575032526,0.000291321006421002
USDC/stS-Weighted-0x713f,0xf7e744527cc82e24c3badc2082d0391413b321e5,0.7870037256034111,3.368425431267508e-8
USDC/stS-Weighted-0x713f,0xf8e8a15f8f9f5014820c6c11f8dd3b03648ccede,131.29167667289008,0.000005619366315955304
USDC/stS-Weighted-0x713f,0xf903672ba62039591812141eecb4cfd9416cfc83,320163.66005912534,0.013703205964926994
USDC/stS-Weighted-0x713f,0xf9250b34603bfc6ead734e76028003bd55e86400,108286.61426852153,0.004634735179789369
USDC/stS-Weighted-0x713f,0xf925cc2cbea0b2b30aef6c29ec0c77d7cb6fcb6f,260.00151196614206,0.000011128228197436632
USDC/stS-Weighted-0x713f,0xfa7665f547d5fbea1957681c32763955a0126294,13793.24034780286,0.000590359359881064
USDC/stS-Weighted-0x713f,0xfb17d5cd85854b6bee89e714591de521f3169de5,39561.665707367545,0.0016932641680930678
USDC/stS-Weighted-0x713f,0xfb4b9676ba53e082e8cfb412ae48dfd2577294e9,6413.210968987302,0.00027448946200931345
USDC/stS-Weighted-0x713f,0xfb8976c763e8b91283b1aff358b879cdf845b678,99.79027337860053,0.000004271086447321363
USDC/stS-Weighted-0x713f,0xfb92b59a9e6db38f91a354410990ed5f64d21f29,95.26911544184424,0.000004077578044787813
USDC/stS-Weighted-0x713f,0xfbd030a8b9f68f4c1cb07b8db62158cbb148151f,117.02425349890245,0.000005008711632954055
USDC/stS-Weighted-0x713f,0xfbe75007345a5dd8a92a6fdae62e9a7da2ddac01,7515.530850926831,0.00032166944607952874
USDC/stS-Weighted-0x713f,0xfc2d159282033cc18cd0d555b71f461561dbd2c6,145.618391699476,0.000006232558727529642
USDC/stS-Weighted-0x713f,0xfc4b2a62a06cb2e1c6a743e9ae327bb16977e4c1,0.5915207976561833,2.5317462079624154e-8
USDC/stS-Weighted-0x713f,0xfd037cdc23e380a87dd549e7868a64c1dbcfb6af,10847.022174165184,0.0004642593695089137
USDC/stS-Weighted-0x713f,0xfe2575c6402e56fa977651ea30bbfa0d3b4ae578,2836.014097653325,0.00012138318662525055
USDC/stS-Weighted-0x713f,0xfe2fb8587760c8d5960cb7a5ba2f2299edf10506,3829.4198931846736,0.0001639015793135535
USDC/stS-Weighted-0x713f,0xff33531206857f4a0a1b1ac9b4040f6fd440c209,355.7596538304315,0.00001522673688059802
USDC/stS-Weighted-0x713f,0x0140ac53e142cd3f3415d0bb0eab4ae143bd9fbe,806.3601181990603,0.00003451272008679568
USDC/stS-Weighted-0x713f,0x4d9a5356959ceb9e3bc4324a8344fc5f7d30d8db,110803.12306093436,0.004742443338449895
